Date_RP#Annee;Nombre_personnes_menage_RP#nombre0_6plus;Lieu_domicile#commune_stable_ds_tps_0825_sansArr;Nombre_de_menages_selon_la_taille_du_menage;;;;;;;;;;;;;;;;;;;;;;;;;;;;;;;;;;;;;;;;;;
;1;;;;2;;;;3;;;;4;;;;5;;;;6 ou plus;;;;1;;;;2;;;;3;;;;4;;;;5;;;;6 ou plus
2020;Nombre : 1, 2, ?, 6 ou plus#1;97301 - Régina;74.92486238479614;;;;;;;;;;;;;;;;;;;;;;;;;;;;;;;;;;;;;;;;;;
2020;Nombre : 1, 2, ?, 6 ou plus#1;97302 - Cayenne;8273.072433829308;;;;;;;;;;;;;;;;;;;;;;;;;;;;;;;;;;;;;;;;;;
2020;Nombre : 1, 2, ?, 6 ou plus#1;97303 - Iracoubo;101.17510318756104;;;;;;;;;;;;;;;;;;;;;;;;;;;;;;;;;;;;;;;;;;
2020;Nombre : 1, 2, ?, 6 ou plus#1;97304 - Kourou;1639.513504743576;;;;;;;;;;;;;;;;;;;;;;;;;;;;;;;;;;;;;;;;;;
2020;Nombre : 1, 2, ?, 6 ou plus#1;97305 - Macouria;1204.508311033249;;;;;;;;;;;;;;;;;;;;;;;;;;;;;;;;;;;;;;;;;;
2020;Nombre : 1, 2, ?, 6 ou plus#1;97306 - Mana;487.346538066864;;;;;;;;;;;;;;;;;;;;;;;;;;;;;;;;;;;;;;;;;;
2020;Nombre : 1, 2, ?, 6 ou plus#1;97307 - Matoury;2406.8360204696655;;;;;;;;;;;;;;;;;;;;;;;;;;;;;;;;;;;;;;;;;;
2020;Nombre : 1, 2, ?, 6 ou plus#1;97308 - Saint-Georges;179.4720106124878;;;;;;;;;;;;;;;;;;;;;;;;;;;;;;;;;;;;;;;;;;
2020;Nombre : 1, 2, ?, 6 ou plus#1;97309 - Remire-Montjoly;2852.274260997772;;;;;;;;;;;;;;;;;;;;;;;;;;;;;;;;;;;;;;;;;;
2020;Nombre : 1, 2, ?, 6 ou plus#1;97310 - Roura;277.1669034957886;;;;;;;;;;;;;;;;;;;;;;;;;;;;;;;;;;;;;;;;;;
2020;Nombre : 1, 2, ?, 6 ou plus#1;97311 - Saint-Laurent-du-Maroni;2066.8197815418243;;;;;;;;;;;;;;;;;;;;;;;;;;;;;;;;;;;;;;;;;;
2020;Nombre : 1, 2, ?, 6 ou plus#1;97312 - Sinnamary;270.4485397338867;;;;;;;;;;;;;;;;;;;;;;;;;;;;;;;;;;;;;;;;;;
2020;Nombre : 1, 2, ?, 6 ou plus#1;97313 - Montsinéry-Tonnegrande;205.0;;;;;;;;;;;;;;;;;;;;;;;;;;;;;;;;;;;;;;;;;;
2020;Nombre : 1, 2, ?, 6 ou plus#1;97314 - Ouanary;6.650000095367432;;;;;;;;;;;;;;;;;;;;;;;;;;;;;;;;;;;;;;;;;;
2020;Nombre : 1, 2, ?, 6 ou plus#1;97352 - Saül;20.13157892227173;;;;;;;;;;;;;;;;;;;;;;;;;;;;;;;;;;;;;;;;;;
2020;Nombre : 1, 2, ?, 6 ou plus#1;97353 - Maripasoula;234.44466638565063;;;;;;;;;;;;;;;;;;;;;;;;;;;;;;;;;;;;;;;;;;
2020;Nombre : 1, 2, ?, 6 ou plus#1;97356 - Camopi;27.7872633934021;;;;;;;;;;;;;;;;;;;;;;;;;;;;;;;;;;;;;;;;;;
2020;Nombre : 1, 2, ?, 6 ou plus#1;97357 - Grand-Santi;175.0;;;;;;;;;;;;;;;;;;;;;;;;;;;;;;;;;;;;;;;;;;
2020;Nombre : 1, 2, ?, 6 ou plus#1;97358 - Saint-Élie;9.162206649780273;;;;;;;;;;;;;;;;;;;;;;;;;;;;;;;;;;;;;;;;;;
2020;Nombre : 1, 2, ?, 6 ou plus#1;97360 - Apatou;280.0;;;;;;;;;;;;;;;;;;;;;;;;;;;;;;;;;;;;;;;;;;
2020;Nombre : 1, 2, ?, 6 ou plus#1;97361 - Awala-Yalimapo;49.77612018585205;;;;;;;;;;;;;;;;;;;;;;;;;;;;;;;;;;;;;;;;;;
2020;Nombre : 1, 2, ?, 6 ou plus#1;97362 - Papaichton;92.68056774139404;;;;;;;;;;;;;;;;;;;;;;;;;;;;;;;;;;;;;;;;;;
2020;Nombre : 1, 2, ?, 6 ou plus#2;97301 - Régina;64.28952693939209;;;;;;;;;;;;;;;;;;;;;;;;;;;;;;;;;;;;;;;;;;
2020;Nombre : 1, 2, ?, 6 ou plus#2;97302 - Cayenne;6374.702038764954;;;;;;;;;;;;;;;;;;;;;;;;;;;;;;;;;;;;;;;;;;
2020;Nombre : 1, 2, ?, 6 ou plus#2;97303 - Iracoubo;108.50380516052246;;;;;;;;;;;;;;;;;;;;;;;;;;;;;;;;;;;;;;;;;;
2020;Nombre : 1, 2, ?, 6 ou plus#2;97304 - Kourou;1786.2054028511047;;;;;;;;;;;;;;;;;;;;;;;;;;;;;;;;;;;;;;;;;;
2020;Nombre : 1, 2, ?, 6 ou plus#2;97305 - Macouria;1257.490000963211;;;;;;;;;;;;;;;;;;;;;;;;;;;;;;;;;;;;;;;;;;
2020;Nombre : 1, 2, ?, 6 ou plus#2;97306 - Mana;374.8856010437012;;;;;;;;;;;;;;;;;;;;;;;;;;;;;;;;;;;;;;;;;;
2020;Nombre : 1, 2, ?, 6 ou plus#2;97307 - Matoury;2622.4440202713013;;;;;;;;;;;;;;;;;;;;;;;;;;;;;;;;;;;;;;;;;;
2020;Nombre : 1, 2, ?, 6 ou plus#2;97308 - Saint-Georges;174.92218446731567;;;;;;;;;;;;;;;;;;;;;;;;;;;;;;;;;;;;;;;;;;
2020;Nombre : 1, 2, ?, 6 ou plus#2;97309 - Remire-Montjoly;2637.592794060707;;;;;;;;;;;;;;;;;;;;;;;;;;;;;;;;;;;;;;;;;;
2020;Nombre : 1, 2, ?, 6 ou plus#2;97310 - Roura;254.69668769836426;;;;;;;;;;;;;;;;;;;;;;;;;;;;;;;;;;;;;;;;;;
2020;Nombre : 1, 2, ?, 6 ou plus#2;97311 - Saint-Laurent-du-Maroni;1825.3738083839417;;;;;;;;;;;;;;;;;;;;;;;;;;;;;;;;;;;;;;;;;;
2020;Nombre : 1, 2, ?, 6 ou plus#2;97312 - Sinnamary;220.39078617095947;;;;;;;;;;;;;;;;;;;;;;;;;;;;;;;;;;;;;;;;;;
2020;Nombre : 1, 2, ?, 6 ou plus#2;97313 - Montsinéry-Tonnegrande;235.0;;;;;;;;;;;;;;;;;;;;;;;;;;;;;;;;;;;;;;;;;;
2020;Nombre : 1, 2, ?, 6 ou plus#2;97314 - Ouanary;6.650000095367432;;;;;;;;;;;;;;;;;;;;;;;;;;;;;;;;;;;;;;;;;;
2020;Nombre : 1, 2, ?, 6 ou plus#2;97352 - Saül;10.065789222717285;;;;;;;;;;;;;;;;;;;;;;;;;;;;;;;;;;;;;;;;;;
2020;Nombre : 1, 2, ?, 6 ou plus#2;97353 - Maripasoula;209.2620586156845;;;;;;;;;;;;;;;;;;;;;;;;;;;;;;;;;;;;;;;;;;
2020;Nombre : 1, 2, ?, 6 ou plus#2;97356 - Camopi;27.508561611175537;;;;;;;;;;;;;;;;;;;;;;;;;;;;;;;;;;;;;;;;;;
2020;Nombre : 1, 2, ?, 6 ou plus#2;97357 - Grand-Santi;153.58911037445068;;;;;;;;;;;;;;;;;;;;;;;;;;;;;;;;;;;;;;;;;;
2020;Nombre : 1, 2, ?, 6 ou plus#2;97358 - Saint-Élie;4.581103324890137;;;;;;;;;;;;;;;;;;;;;;;;;;;;;;;;;;;;;;;;;;
2020;Nombre : 1, 2, ?, 6 ou plus#2;97360 - Apatou;165.0;;;;;;;;;;;;;;;;;;;;;;;;;;;;;;;;;;;;;;;;;;
2020;Nombre : 1, 2, ?, 6 ou plus#2;97361 - Awala-Yalimapo;59.30971431732178;;;;;;;;;;;;;;;;;;;;;;;;;;;;;;;;;;;;;;;;;;
2020;Nombre : 1, 2, ?, 6 ou plus#2;97362 - Papaichton;96.30325984954834;;;;;;;;;;;;;;;;;;;;;;;;;;;;;;;;;;;;;;;;;;
2020;Nombre : 1, 2, ?, 6 ou plus#3;97301 - Régina;29.377192497253418;;;;;;;;;;;;;;;;;;;;;;;;;;;;;;;;;;;;;;;;;;
2020;Nombre : 1, 2, ?, 6 ou plus#3;97302 - Cayenne;4452.617684364319;;;;;;;;;;;;;;;;;;;;;;;;;;;;;;;;;;;;;;;;;;
2020;Nombre : 1, 2, ?, 6 ou plus#3;97303 - Iracoubo;62.91100788116455;;;;;;;;;;;;;;;;;;;;;;;;;;;;;;;;;;;;;;;;;;
2020;Nombre : 1, 2, ?, 6 ou plus#3;97304 - Kourou;1493.164158821106;;;;;;;;;;;;;;;;;;;;;;;;;;;;;;;;;;;;;;;;;;
2020;Nombre : 1, 2, ?, 6 ou plus#3;97305 - Macouria;1118.5966289043427;;;;;;;;;;;;;;;;;;;;;;;;;;;;;;;;;;;;;;;;;;
2020;Nombre : 1, 2, ?, 6 ou plus#3;97306 - Mana;310.69566345214844;;;;;;;;;;;;;;;;;;;;;;;;;;;;;;;;;;;;;;;;;;
2020;Nombre : 1, 2, ?, 6 ou plus#3;97307 - Matoury;2079.21048784256;;;;;;;;;;;;;;;;;;;;;;;;;;;;;;;;;;;;;;;;;;
2020;Nombre : 1, 2, ?, 6 ou plus#3;97308 - Saint-Georges;160.0165696144104;;;;;;;;;;;;;;;;;;;;;;;;;;;;;;;;;;;;;;;;;;
2020;Nombre : 1, 2, ?, 6 ou plus#3;97309 - Remire-Montjoly;1681.7632900476456;;;;;;;;;;;;;;;;;;;;;;;;;;;;;;;;;;;;;;;;;;
2020;Nombre : 1, 2, ?, 6 ou plus#3;97310 - Roura;152.59270668029785;;;;;;;;;;;;;;;;;;;;;;;;;;;;;;;;;;;;;;;;;;
2020;Nombre : 1, 2, ?, 6 ou plus#3;97311 - Saint-Laurent-du-Maroni;1728.9664525985718;;;;;;;;;;;;;;;;;;;;;;;;;;;;;;;;;;;;;;;;;;
2020;Nombre : 1, 2, ?, 6 ou plus#3;97312 - Sinnamary;126.27246379852295;;;;;;;;;;;;;;;;;;;;;;;;;;;;;;;;;;;;;;;;;;
2020;Nombre : 1, 2, ?, 6 ou plus#3;97313 - Montsinéry-Tonnegrande;160.0;;;;;;;;;;;;;;;;;;;;;;;;;;;;;;;;;;;;;;;;;;
2020;Nombre : 1, 2, ?, 6 ou plus#3;97314 - Ouanary;0.0;;;;;;;;;;;;;;;;;;;;;;;;;;;;;;;;;;;;;;;;;;
2020;Nombre : 1, 2, ?, 6 ou plus#3;97352 - Saül;5.032894611358643;;;;;;;;;;;;;;;;;;;;;;;;;;;;;;;;;;;;;;;;;;
2020;Nombre : 1, 2, ?, 6 ou plus#3;97353 - Maripasoula;177.30174660682678;;;;;;;;;;;;;;;;;;;;;;;;;;;;;;;;;;;;;;;;;;
2020;Nombre : 1, 2, ?, 6 ou plus#3;97356 - Camopi;32.679184913635254;;;;;;;;;;;;;;;;;;;;;;;;;;;;;;;;;;;;;;;;;;
2020;Nombre : 1, 2, ?, 6 ou plus#3;97357 - Grand-Santi;148.58910942077637;;;;;;;;;;;;;;;;;;;;;;;;;;;;;;;;;;;;;;;;;;
2020;Nombre : 1, 2, ?, 6 ou plus#3;97358 - Saint-Élie;4.581103324890137;;;;;;;;;;;;;;;;;;;;;;;;;;;;;;;;;;;;;;;;;;
2020;Nombre : 1, 2, ?, 6 ou plus#3;97360 - Apatou;160.0;;;;;;;;;;;;;;;;;;;;;;;;;;;;;;;;;;;;;;;;;;
2020;Nombre : 1, 2, ?, 6 ou plus#3;97361 - Awala-Yalimapo;34.35311937332153;;;;;;;;;;;;;;;;;;;;;;;;;;;;;;;;;;;;;;;;;;
2020;Nombre : 1, 2, ?, 6 ou plus#3;97362 - Papaichton;99.75870704650879;;;;;;;;;;;;;;;;;;;;;;;;;;;;;;;;;;;;;;;;;;
2020;Nombre : 1, 2, ?, 6 ou plus#4;97301 - Régina;24.237689971923828;;;;;;;;;;;;;;;;;;;;;;;;;;;;;;;;;;;;;;;;;;
2020;Nombre : 1, 2, ?, 6 ou plus#4;97302 - Cayenne;2966.564868092537;;;;;;;;;;;;;;;;;;;;;;;;;;;;;;;;;;;;;;;;;;
2020;Nombre : 1, 2, ?, 6 ou plus#4;97303 - Iracoubo;64.53462600708008;;;;;;;;;;;;;;;;;;;;;;;;;;;;;;;;;;;;;;;;;;
2020;Nombre : 1, 2, ?, 6 ou plus#4;97304 - Kourou;1148.8888535499573;;;;;;;;;;;;;;;;;;;;;;;;;;;;;;;;;;;;;;;;;;
2020;Nombre : 1, 2, ?, 6 ou plus#4;97305 - Macouria;958.9655513763428;;;;;;;;;;;;;;;;;;;;;;;;;;;;;;;;;;;;;;;;;;
2020;Nombre : 1, 2, ?, 6 ou plus#4;97306 - Mana;338.4502782821655;;;;;;;;;;;;;;;;;;;;;;;;;;;;;;;;;;;;;;;;;;
2020;Nombre : 1, 2, ?, 6 ou plus#4;97307 - Matoury;1742.4868309497833;;;;;;;;;;;;;;;;;;;;;;;;;;;;;;;;;;;;;;;;;;
2020;Nombre : 1, 2, ?, 6 ou plus#4;97308 - Saint-Georges;150.18914413452148;;;;;;;;;;;;;;;;;;;;;;;;;;;;;;;;;;;;;;;;;;
2020;Nombre : 1, 2, ?, 6 ou plus#4;97309 - Remire-Montjoly;1389.3734941482544;;;;;;;;;;;;;;;;;;;;;;;;;;;;;;;;;;;;;;;;;;
2020;Nombre : 1, 2, ?, 6 ou plus#4;97310 - Roura;125.94106101989746;;;;;;;;;;;;;;;;;;;;;;;;;;;;;;;;;;;;;;;;;;
2020;Nombre : 1, 2, ?, 6 ou plus#4;97311 - Saint-Laurent-du-Maroni;1658.3287014961243;;;;;;;;;;;;;;;;;;;;;;;;;;;;;;;;;;;;;;;;;;
2020;Nombre : 1, 2, ?, 6 ou plus#4;97312 - Sinnamary;109.50527000427246;;;;;;;;;;;;;;;;;;;;;;;;;;;;;;;;;;;;;;;;;;
2020;Nombre : 1, 2, ?, 6 ou plus#4;97313 - Montsinéry-Tonnegrande;190.0;;;;;;;;;;;;;;;;;;;;;;;;;;;;;;;;;;;;;;;;;;
2020;Nombre : 1, 2, ?, 6 ou plus#4;97314 - Ouanary;6.650000095367432;;;;;;;;;;;;;;;;;;;;;;;;;;;;;;;;;;;;;;;;;;
2020;Nombre : 1, 2, ?, 6 ou plus#4;97352 - Saül;5.032894611358643;;;;;;;;;;;;;;;;;;;;;;;;;;;;;;;;;;;;;;;;;;
2020;Nombre : 1, 2, ?, 6 ou plus#4;97353 - Maripasoula;187.02203464508057;;;;;;;;;;;;;;;;;;;;;;;;;;;;;;;;;;;;;;;;;;
2020;Nombre : 1, 2, ?, 6 ou plus#4;97356 - Camopi;48.52712631225586;;;;;;;;;;;;;;;;;;;;;;;;;;;;;;;;;;;;;;;;;;
2020;Nombre : 1, 2, ?, 6 ou plus#4;97357 - Grand-Santi;145.0;;;;;;;;;;;;;;;;;;;;;;;;;;;;;;;;;;;;;;;;;;
2020;Nombre : 1, 2, ?, 6 ou plus#4;97358 - Saint-Élie;0.0;;;;;;;;;;;;;;;;;;;;;;;;;;;;;;;;;;;;;;;;;;
2020;Nombre : 1, 2, ?, 6 ou plus#4;97360 - Apatou;165.0;;;;;;;;;;;;;;;;;;;;;;;;;;;;;;;;;;;;;;;;;;
2020;Nombre : 1, 2, ?, 6 ou plus#4;97361 - Awala-Yalimapo;48.729472160339355;;;;;;;;;;;;;;;;;;;;;;;;;;;;;;;;;;;;;;;;;;
2020;Nombre : 1, 2, ?, 6 ou plus#4;97362 - Papaichton;108.20448303222656;;;;;;;;;;;;;;;;;;;;;;;;;;;;;;;;;;;;;;;;;;
2020;Nombre : 1, 2, ?, 6 ou plus#5;97301 - Régina;28.79616403579712;;;;;;;;;;;;;;;;;;;;;;;;;;;;;;;;;;;;;;;;;;
2020;Nombre : 1, 2, ?, 6 ou plus#5;97302 - Cayenne;1717.3008904457092;;;;;;;;;;;;;;;;;;;;;;;;;;;;;;;;;;;;;;;;;;
2020;Nombre : 1, 2, ?, 6 ou plus#5;97303 - Iracoubo;50.92319059371948;;;;;;;;;;;;;;;;;;;;;;;;;;;;;;;;;;;;;;;;;;
2020;Nombre : 1, 2, ?, 6 ou plus#5;97304 - Kourou;732.2932312488556;;;;;;;;;;;;;;;;;;;;;;;;;;;;;;;;;;;;;;;;;;
2020;Nombre : 1, 2, ?, 6 ou plus#5;97305 - Macouria;580.1240521669388;;;;;;;;;;;;;;;;;;;;;;;;;;;;;;;;;;;;;;;;;;
2020;Nombre : 1, 2, ?, 6 ou plus#5;97306 - Mana;333.03044533729553;;;;;;;;;;;;;;;;;;;;;;;;;;;;;;;;;;;;;;;;;;
2020;Nombre : 1, 2, ?, 6 ou plus#5;97307 - Matoury;1017.475625038147;;;;;;;;;;;;;;;;;;;;;;;;;;;;;;;;;;;;;;;;;;
2020;Nombre : 1, 2, ?, 6 ou plus#5;97308 - Saint-Georges;124.70649719238281;;;;;;;;;;;;;;;;;;;;;;;;;;;;;;;;;;;;;;;;;;
2020;Nombre : 1, 2, ?, 6 ou plus#5;97309 - Remire-Montjoly;629.234790802002;;;;;;;;;;;;;;;;;;;;;;;;;;;;;;;;;;;;;;;;;;
2020;Nombre : 1, 2, ?, 6 ou plus#5;97310 - Roura;88.38806390762329;;;;;;;;;;;;;;;;;;;;;;;;;;;;;;;;;;;;;;;;;;
2020;Nombre : 1, 2, ?, 6 ou plus#5;97311 - Saint-Laurent-du-Maroni;1016.0172338485718;;;;;;;;;;;;;;;;;;;;;;;;;;;;;;;;;;;;;;;;;;
2020;Nombre : 1, 2, ?, 6 ou plus#5;97312 - Sinnamary;98.10384130477905;;;;;;;;;;;;;;;;;;;;;;;;;;;;;;;;;;;;;;;;;;
2020;Nombre : 1, 2, ?, 6 ou plus#5;97313 - Montsinéry-Tonnegrande;105.0;;;;;;;;;;;;;;;;;;;;;;;;;;;;;;;;;;;;;;;;;;
2020;Nombre : 1, 2, ?, 6 ou plus#5;97314 - Ouanary;0.0;;;;;;;;;;;;;;;;;;;;;;;;;;;;;;;;;;;;;;;;;;
2020;Nombre : 1, 2, ?, 6 ou plus#5;97352 - Saül;0.0;;;;;;;;;;;;;;;;;;;;;;;;;;;;;;;;;;;;;;;;;;
2020;Nombre : 1, 2, ?, 6 ou plus#5;97353 - Maripasoula;187.444690823555;;;;;;;;;;;;;;;;;;;;;;;;;;;;;;;;;;;;;;;;;;
2020;Nombre : 1, 2, ?, 6 ou plus#5;97356 - Camopi;53.37822723388672;;;;;;;;;;;;;;;;;;;;;;;;;;;;;;;;;;;;;;;;;;
2020;Nombre : 1, 2, ?, 6 ou plus#5;97357 - Grand-Santi;216.5346555709839;;;;;;;;;;;;;;;;;;;;;;;;;;;;;;;;;;;;;;;;;;
2020;Nombre : 1, 2, ?, 6 ou plus#5;97358 - Saint-Élie;0.0;;;;;;;;;;;;;;;;;;;;;;;;;;;;;;;;;;;;;;;;;;
2020;Nombre : 1, 2, ?, 6 ou plus#5;97360 - Apatou;165.0;;;;;;;;;;;;;;;;;;;;;;;;;;;;;;;;;;;;;;;;;;
2020;Nombre : 1, 2, ?, 6 ou plus#5;97361 - Awala-Yalimapo;38.7084002494812;;;;;;;;;;;;;;;;;;;;;;;;;;;;;;;;;;;;;;;;;;
2020;Nombre : 1, 2, ?, 6 ou plus#5;97362 - Papaichton;116.30075168609619;;;;;;;;;;;;;;;;;;;;;;;;;;;;;;;;;;;;;;;;;;
2020;Nombre : 1, 2, ?, 6 ou plus#6 ou plus;97301 - Régina;37.49850082397461;;;;;;;;;;;;;;;;;;;;;;;;;;;;;;;;;;;;;;;;;;
2020;Nombre : 1, 2, ?, 6 ou plus#6 ou plus;97302 - Cayenne;1448.8904728889465;;;;;;;;;;;;;;;;;;;;;;;;;;;;;;;;;;;;;;;;;;
2020;Nombre : 1, 2, ?, 6 ou plus#6 ou plus;97303 - Iracoubo;87.52452754974365;;;;;;;;;;;;;;;;;;;;;;;;;;;;;;;;;;;;;;;;;;
2020;Nombre : 1, 2, ?, 6 ou plus#6 ou plus;97304 - Kourou;865.9132137298584;;;;;;;;;;;;;;;;;;;;;;;;;;;;;;;;;;;;;;;;;;
2020;Nombre : 1, 2, ?, 6 ou plus#6 ou plus;97305 - Macouria;708.8380578756332;;;;;;;;;;;;;;;;;;;;;;;;;;;;;;;;;;;;;;;;;;
2020;Nombre : 1, 2, ?, 6 ou plus#6 ou plus;97306 - Mana;736.2486085891724;;;;;;;;;;;;;;;;;;;;;;;;;;;;;;;;;;;;;;;;;;
2020;Nombre : 1, 2, ?, 6 ou plus#6 ou plus;97307 - Matoury;1193.5436236858368;;;;;;;;;;;;;;;;;;;;;;;;;;;;;;;;;;;;;;;;;;
2020;Nombre : 1, 2, ?, 6 ou plus#6 ou plus;97308 - Saint-Georges;267.46277046203613;;;;;;;;;;;;;;;;;;;;;;;;;;;;;;;;;;;;;;;;;;
2020;Nombre : 1, 2, ?, 6 ou plus#6 ou plus;97309 - Remire-Montjoly;424.78888070583344;;;;;;;;;;;;;;;;;;;;;;;;;;;;;;;;;;;;;;;;;;
2020;Nombre : 1, 2, ?, 6 ou plus#6 ou plus;97310 - Roura;129.05294609069824;;;;;;;;;;;;;;;;;;;;;;;;;;;;;;;;;;;;;;;;;;
2020;Nombre : 1, 2, ?, 6 ou plus#6 ou plus;97311 - Saint-Laurent-du-Maroni;3022.0228118896484;;;;;;;;;;;;;;;;;;;;;;;;;;;;;;;;;;;;;;;;;;
2020;Nombre : 1, 2, ?, 6 ou plus#6 ou plus;97312 - Sinnamary;113.22606325149536;;;;;;;;;;;;;;;;;;;;;;;;;;;;;;;;;;;;;;;;;;
2020;Nombre : 1, 2, ?, 6 ou plus#6 ou plus;97313 - Montsinéry-Tonnegrande;100.0;;;;;;;;;;;;;;;;;;;;;;;;;;;;;;;;;;;;;;;;;;
2020;Nombre : 1, 2, ?, 6 ou plus#6 ou plus;97314 - Ouanary;26.600000381469727;;;;;;;;;;;;;;;;;;;;;;;;;;;;;;;;;;;;;;;;;;
2020;Nombre : 1, 2, ?, 6 ou plus#6 ou plus;97352 - Saül;10.065789222717285;;;;;;;;;;;;;;;;;;;;;;;;;;;;;;;;;;;;;;;;;;
2020;Nombre : 1, 2, ?, 6 ou plus#6 ou plus;97353 - Maripasoula;545.5296188592911;;;;;;;;;;;;;;;;;;;;;;;;;;;;;;;;;;;;;;;;;;
2020;Nombre : 1, 2, ?, 6 ou plus#6 ou plus;97356 - Camopi;161.2463493347168;;;;;;;;;;;;;;;;;;;;;;;;;;;;;;;;;;;;;;;;;;
2020;Nombre : 1, 2, ?, 6 ou plus#6 ou plus;97357 - Grand-Santi;693.0693292617798;;;;;;;;;;;;;;;;;;;;;;;;;;;;;;;;;;;;;;;;;;
2020;Nombre : 1, 2, ?, 6 ou plus#6 ou plus;97358 - Saint-Élie;9.162206649780273;;;;;;;;;;;;;;;;;;;;;;;;;;;;;;;;;;;;;;;;;;
2020;Nombre : 1, 2, ?, 6 ou plus#6 ou plus;97360 - Apatou;800.0;;;;;;;;;;;;;;;;;;;;;;;;;;;;;;;;;;;;;;;;;;
2020;Nombre : 1, 2, ?, 6 ou plus#6 ou plus;97361 - Awala-Yalimapo;98.99478673934937;;;;;;;;;;;;;;;;;;;;;;;;;;;;;;;;;;;;;;;;;;
2020;Nombre : 1, 2, ?, 6 ou plus#6 ou plus;97362 - Papaichton;271.8163857460022;;;;;;;;;;;;;;;;;;;;;;;;;;;;;;;;;;;;;;;;;;
2021;Nombre : 1, 2, ?, 6 ou plus#1;97301 - Régina;76.04853916168213;;;;;;;;;;;;;;;;;;;;;;;;;;;;;;;;;;;;;;;;;;
2021;Nombre : 1, 2, ?, 6 ou plus#1;97302 - Cayenne;7871.334226369858;;;;;;;;;;;;;;;;;;;;;;;;;;;;;;;;;;;;;;;;;;
2021;Nombre : 1, 2, ?, 6 ou plus#1;97303 - Iracoubo;105.5058650970459;;;;;;;;;;;;;;;;;;;;;;;;;;;;;;;;;;;;;;;;;;
2021;Nombre : 1, 2, ?, 6 ou plus#1;97304 - Kourou;1615.5754551887512;;;;;;;;;;;;;;;;;;;;;;;;;;;;;;;;;;;;;;;;;;
2021;Nombre : 1, 2, ?, 6 ou plus#1;97305 - Macouria;1514.4655497074127;;;;;;;;;;;;;;;;;;;;;;;;;;;;;;;;;;;;;;;;;;
2021;Nombre : 1, 2, ?, 6 ou plus#1;97306 - Mana;533.66239631176;;;;;;;;;;;;;;;;;;;;;;;;;;;;;;;;;;;;;;;;;;
2021;Nombre : 1, 2, ?, 6 ou plus#1;97307 - Matoury;2598.7726354599;;;;;;;;;;;;;;;;;;;;;;;;;;;;;;;;;;;;;;;;;;
2021;Nombre : 1, 2, ?, 6 ou plus#1;97308 - Saint-Georges;189.283127784729;;;;;;;;;;;;;;;;;;;;;;;;;;;;;;;;;;;;;;;;;;
2021;Nombre : 1, 2, ?, 6 ou plus#1;97309 - Remire-Montjoly;3142.130710840225;;;;;;;;;;;;;;;;;;;;;;;;;;;;;;;;;;;;;;;;;;
2021;Nombre : 1, 2, ?, 6 ou plus#1;97310 - Roura;294.3419508934021;;;;;;;;;;;;;;;;;;;;;;;;;;;;;;;;;;;;;;;;;;
2021;Nombre : 1, 2, ?, 6 ou plus#1;97311 - Saint-Laurent-du-Maroni;2047.2356305122375;;;;;;;;;;;;;;;;;;;;;;;;;;;;;;;;;;;;;;;;;;
2021;Nombre : 1, 2, ?, 6 ou plus#1;97312 - Sinnamary;276.24293518066406;;;;;;;;;;;;;;;;;;;;;;;;;;;;;;;;;;;;;;;;;;
2021;Nombre : 1, 2, ?, 6 ou plus#1;97313 - Montsinéry-Tonnegrande;211.0981798171997;;;;;;;;;;;;;;;;;;;;;;;;;;;;;;;;;;;;;;;;;;
2021;Nombre : 1, 2, ?, 6 ou plus#1;97314 - Ouanary;9.391050338745117;;;;;;;;;;;;;;;;;;;;;;;;;;;;;;;;;;;;;;;;;;
2021;Nombre : 1, 2, ?, 6 ou plus#1;97352 - Saül;28.56909942626953;;;;;;;;;;;;;;;;;;;;;;;;;;;;;;;;;;;;;;;;;;
2021;Nombre : 1, 2, ?, 6 ou plus#1;97353 - Maripasoula;294.36804962158203;;;;;;;;;;;;;;;;;;;;;;;;;;;;;;;;;;;;;;;;;;
2021;Nombre : 1, 2, ?, 6 ou plus#1;97356 - Camopi;20.25345778465271;;;;;;;;;;;;;;;;;;;;;;;;;;;;;;;;;;;;;;;;;;
2021;Nombre : 1, 2, ?, 6 ou plus#1;97357 - Grand-Santi;173.42855787277222;;;;;;;;;;;;;;;;;;;;;;;;;;;;;;;;;;;;;;;;;;
2021;Nombre : 1, 2, ?, 6 ou plus#1;97358 - Saint-Élie;8.770974159240723;;;;;;;;;;;;;;;;;;;;;;;;;;;;;;;;;;;;;;;;;;
2021;Nombre : 1, 2, ?, 6 ou plus#1;97360 - Apatou;269.9816474914551;;;;;;;;;;;;;;;;;;;;;;;;;;;;;;;;;;;;;;;;;;
2021;Nombre : 1, 2, ?, 6 ou plus#1;97361 - Awala-Yalimapo;49.899773597717285;;;;;;;;;;;;;;;;;;;;;;;;;;;;;;;;;;;;;;;;;;
2021;Nombre : 1, 2, ?, 6 ou plus#1;97362 - Papaichton;101.13955307006836;;;;;;;;;;;;;;;;;;;;;;;;;;;;;;;;;;;;;;;;;;
2021;Nombre : 1, 2, ?, 6 ou plus#2;97301 - Régina;43.88881015777588;;;;;;;;;;;;;;;;;;;;;;;;;;;;;;;;;;;;;;;;;;
2021;Nombre : 1, 2, ?, 6 ou plus#2;97302 - Cayenne;6280.5095891952515;;;;;;;;;;;;;;;;;;;;;;;;;;;;;;;;;;;;;;;;;;
2021;Nombre : 1, 2, ?, 6 ou plus#2;97303 - Iracoubo;111.73620223999023;;;;;;;;;;;;;;;;;;;;;;;;;;;;;;;;;;;;;;;;;;
2021;Nombre : 1, 2, ?, 6 ou plus#2;97304 - Kourou;1901.8376750946045;;;;;;;;;;;;;;;;;;;;;;;;;;;;;;;;;;;;;;;;;;
2021;Nombre : 1, 2, ?, 6 ou plus#2;97305 - Macouria;1597.9418530464172;;;;;;;;;;;;;;;;;;;;;;;;;;;;;;;;;;;;;;;;;;
2021;Nombre : 1, 2, ?, 6 ou plus#2;97306 - Mana;421.99207293987274;;;;;;;;;;;;;;;;;;;;;;;;;;;;;;;;;;;;;;;;;;
2021;Nombre : 1, 2, ?, 6 ou plus#2;97307 - Matoury;2671.43035364151;;;;;;;;;;;;;;;;;;;;;;;;;;;;;;;;;;;;;;;;;;
2021;Nombre : 1, 2, ?, 6 ou plus#2;97308 - Saint-Georges;180.53737449645996;;;;;;;;;;;;;;;;;;;;;;;;;;;;;;;;;;;;;;;;;;
2021;Nombre : 1, 2, ?, 6 ou plus#2;97309 - Remire-Montjoly;2815.2257500886917;;;;;;;;;;;;;;;;;;;;;;;;;;;;;;;;;;;;;;;;;;
2021;Nombre : 1, 2, ?, 6 ou plus#2;97310 - Roura;265.3376922607422;;;;;;;;;;;;;;;;;;;;;;;;;;;;;;;;;;;;;;;;;;
2021;Nombre : 1, 2, ?, 6 ou plus#2;97311 - Saint-Laurent-du-Maroni;1781.0657691955566;;;;;;;;;;;;;;;;;;;;;;;;;;;;;;;;;;;;;;;;;;
2021;Nombre : 1, 2, ?, 6 ou plus#2;97312 - Sinnamary;223.22103881835938;;;;;;;;;;;;;;;;;;;;;;;;;;;;;;;;;;;;;;;;;;
2021;Nombre : 1, 2, ?, 6 ou plus#2;97313 - Montsinéry-Tonnegrande;243.3730583190918;;;;;;;;;;;;;;;;;;;;;;;;;;;;;;;;;;;;;;;;;;
2021;Nombre : 1, 2, ?, 6 ou plus#2;97314 - Ouanary;9.391050338745117;;;;;;;;;;;;;;;;;;;;;;;;;;;;;;;;;;;;;;;;;;
2021;Nombre : 1, 2, ?, 6 ou plus#2;97352 - Saül;14.284549713134766;;;;;;;;;;;;;;;;;;;;;;;;;;;;;;;;;;;;;;;;;;
2021;Nombre : 1, 2, ?, 6 ou plus#2;97353 - Maripasoula;243.27290952205658;;;;;;;;;;;;;;;;;;;;;;;;;;;;;;;;;;;;;;;;;;
2021;Nombre : 1, 2, ?, 6 ou plus#2;97356 - Camopi;21.839865922927856;;;;;;;;;;;;;;;;;;;;;;;;;;;;;;;;;;;;;;;;;;
2021;Nombre : 1, 2, ?, 6 ou plus#2;97357 - Grand-Santi;153.23171138763428;;;;;;;;;;;;;;;;;;;;;;;;;;;;;;;;;;;;;;;;;;
2021;Nombre : 1, 2, ?, 6 ou plus#2;97358 - Saint-Élie;4.385487079620361;;;;;;;;;;;;;;;;;;;;;;;;;;;;;;;;;;;;;;;;;;
2021;Nombre : 1, 2, ?, 6 ou plus#2;97360 - Apatou;160.51384925842285;;;;;;;;;;;;;;;;;;;;;;;;;;;;;;;;;;;;;;;;;;
2021;Nombre : 1, 2, ?, 6 ou plus#2;97361 - Awala-Yalimapo;59.672447204589844;;;;;;;;;;;;;;;;;;;;;;;;;;;;;;;;;;;;;;;;;;
2021;Nombre : 1, 2, ?, 6 ou plus#2;97362 - Papaichton;103.02219581604004;;;;;;;;;;;;;;;;;;;;;;;;;;;;;;;;;;;;;;;;;;
2021;Nombre : 1, 2, ?, 6 ou plus#3;97301 - Régina;45.02919101715088;;;;;;;;;;;;;;;;;;;;;;;;;;;;;;;;;;;;;;;;;;
2021;Nombre : 1, 2, ?, 6 ou plus#3;97302 - Cayenne;4118.578918218613;;;;;;;;;;;;;;;;;;;;;;;;;;;;;;;;;;;;;;;;;;
2021;Nombre : 1, 2, ?, 6 ou plus#3;97303 - Iracoubo;63.976656913757324;;;;;;;;;;;;;;;;;;;;;;;;;;;;;;;;;;;;;;;;;;
2021;Nombre : 1, 2, ?, 6 ou plus#3;97304 - Kourou;1551.4846544265747;;;;;;;;;;;;;;;;;;;;;;;;;;;;;;;;;;;;;;;;;;
2021;Nombre : 1, 2, ?, 6 ou plus#3;97305 - Macouria;1329.1540307998657;;;;;;;;;;;;;;;;;;;;;;;;;;;;;;;;;;;;;;;;;;
2021;Nombre : 1, 2, ?, 6 ou plus#3;97306 - Mana;353.58187782764435;;;;;;;;;;;;;;;;;;;;;;;;;;;;;;;;;;;;;;;;;;
2021;Nombre : 1, 2, ?, 6 ou plus#3;97307 - Matoury;2133.409507036209;;;;;;;;;;;;;;;;;;;;;;;;;;;;;;;;;;;;;;;;;;
2021;Nombre : 1, 2, ?, 6 ou plus#3;97308 - Saint-Georges;167.69231414794922;;;;;;;;;;;;;;;;;;;;;;;;;;;;;;;;;;;;;;;;;;
2021;Nombre : 1, 2, ?, 6 ou plus#3;97309 - Remire-Montjoly;1975.0221667289734;;;;;;;;;;;;;;;;;;;;;;;;;;;;;;;;;;;;;;;;;;
2021;Nombre : 1, 2, ?, 6 ou plus#3;97310 - Roura;155.9460163116455;;;;;;;;;;;;;;;;;;;;;;;;;;;;;;;;;;;;;;;;;;
2021;Nombre : 1, 2, ?, 6 ou plus#3;97311 - Saint-Laurent-du-Maroni;1568.9455399513245;;;;;;;;;;;;;;;;;;;;;;;;;;;;;;;;;;;;;;;;;;
2021;Nombre : 1, 2, ?, 6 ou plus#3;97312 - Sinnamary;126.81934833526611;;;;;;;;;;;;;;;;;;;;;;;;;;;;;;;;;;;;;;;;;;
2021;Nombre : 1, 2, ?, 6 ou plus#3;97313 - Montsinéry-Tonnegrande;166.64743041992188;;;;;;;;;;;;;;;;;;;;;;;;;;;;;;;;;;;;;;;;;;
2021;Nombre : 1, 2, ?, 6 ou plus#3;97314 - Ouanary;9.391050338745117;;;;;;;;;;;;;;;;;;;;;;;;;;;;;;;;;;;;;;;;;;
2021;Nombre : 1, 2, ?, 6 ou plus#3;97352 - Saül;7.142274856567383;;;;;;;;;;;;;;;;;;;;;;;;;;;;;;;;;;;;;;;;;;
2021;Nombre : 1, 2, ?, 6 ou plus#3;97353 - Maripasoula;226.5490746498108;;;;;;;;;;;;;;;;;;;;;;;;;;;;;;;;;;;;;;;;;;
2021;Nombre : 1, 2, ?, 6 ou plus#3;97356 - Camopi;43.17598104476929;;;;;;;;;;;;;;;;;;;;;;;;;;;;;;;;;;;;;;;;;;
2021;Nombre : 1, 2, ?, 6 ou plus#3;97357 - Grand-Santi;149.2384967803955;;;;;;;;;;;;;;;;;;;;;;;;;;;;;;;;;;;;;;;;;;
2021;Nombre : 1, 2, ?, 6 ou plus#3;97358 - Saint-Élie;4.385487079620361;;;;;;;;;;;;;;;;;;;;;;;;;;;;;;;;;;;;;;;;;;
2021;Nombre : 1, 2, ?, 6 ou plus#3;97360 - Apatou;157.03659915924072;;;;;;;;;;;;;;;;;;;;;;;;;;;;;;;;;;;;;;;;;;
2021;Nombre : 1, 2, ?, 6 ou plus#3;97361 - Awala-Yalimapo;34.68843078613281;;;;;;;;;;;;;;;;;;;;;;;;;;;;;;;;;;;;;;;;;;
2021;Nombre : 1, 2, ?, 6 ou plus#3;97362 - Papaichton;104.61599349975586;;;;;;;;;;;;;;;;;;;;;;;;;;;;;;;;;;;;;;;;;;
2021;Nombre : 1, 2, ?, 6 ou plus#4;97301 - Régina;41.06595993041992;;;;;;;;;;;;;;;;;;;;;;;;;;;;;;;;;;;;;;;;;;
2021;Nombre : 1, 2, ?, 6 ou plus#4;97302 - Cayenne;2872.802825450897;;;;;;;;;;;;;;;;;;;;;;;;;;;;;;;;;;;;;;;;;;
2021;Nombre : 1, 2, ?, 6 ou plus#4;97303 - Iracoubo;64.80875205993652;;;;;;;;;;;;;;;;;;;;;;;;;;;;;;;;;;;;;;;;;;
2021;Nombre : 1, 2, ?, 6 ou plus#4;97304 - Kourou;1124.9626643657684;;;;;;;;;;;;;;;;;;;;;;;;;;;;;;;;;;;;;;;;;;
2021;Nombre : 1, 2, ?, 6 ou plus#4;97305 - Macouria;1178.7396726608276;;;;;;;;;;;;;;;;;;;;;;;;;;;;;;;;;;;;;;;;;;
2021;Nombre : 1, 2, ?, 6 ou plus#4;97306 - Mana;383.4905505180359;;;;;;;;;;;;;;;;;;;;;;;;;;;;;;;;;;;;;;;;;;
2021;Nombre : 1, 2, ?, 6 ou plus#4;97307 - Matoury;1699.3149993419647;;;;;;;;;;;;;;;;;;;;;;;;;;;;;;;;;;;;;;;;;;
2021;Nombre : 1, 2, ?, 6 ou plus#4;97308 - Saint-Georges;159.2882742881775;;;;;;;;;;;;;;;;;;;;;;;;;;;;;;;;;;;;;;;;;;
2021;Nombre : 1, 2, ?, 6 ou plus#4;97309 - Remire-Montjoly;1522.0304555892944;;;;;;;;;;;;;;;;;;;;;;;;;;;;;;;;;;;;;;;;;;
2021;Nombre : 1, 2, ?, 6 ou plus#4;97310 - Roura;126.26202487945557;;;;;;;;;;;;;;;;;;;;;;;;;;;;;;;;;;;;;;;;;;
2021;Nombre : 1, 2, ?, 6 ou plus#4;97311 - Saint-Laurent-du-Maroni;1430.6132097244263;;;;;;;;;;;;;;;;;;;;;;;;;;;;;;;;;;;;;;;;;;
2021;Nombre : 1, 2, ?, 6 ou plus#4;97312 - Sinnamary;109.05536079406738;;;;;;;;;;;;;;;;;;;;;;;;;;;;;;;;;;;;;;;;;;
2021;Nombre : 1, 2, ?, 6 ou plus#4;97313 - Montsinéry-Tonnegrande;199.02435207366943;;;;;;;;;;;;;;;;;;;;;;;;;;;;;;;;;;;;;;;;;;
2021;Nombre : 1, 2, ?, 6 ou plus#4;97314 - Ouanary;9.391050338745117;;;;;;;;;;;;;;;;;;;;;;;;;;;;;;;;;;;;;;;;;;
2021;Nombre : 1, 2, ?, 6 ou plus#4;97352 - Saül;7.142274856567383;;;;;;;;;;;;;;;;;;;;;;;;;;;;;;;;;;;;;;;;;;
2021;Nombre : 1, 2, ?, 6 ou plus#4;97353 - Maripasoula;198.52773118019104;;;;;;;;;;;;;;;;;;;;;;;;;;;;;;;;;;;;;;;;;;
2021;Nombre : 1, 2, ?, 6 ou plus#4;97356 - Camopi;67.72052574157715;;;;;;;;;;;;;;;;;;;;;;;;;;;;;;;;;;;;;;;;;;
2021;Nombre : 1, 2, ?, 6 ou plus#4;97357 - Grand-Santi;146.61133432388306;;;;;;;;;;;;;;;;;;;;;;;;;;;;;;;;;;;;;;;;;;
2021;Nombre : 1, 2, ?, 6 ou plus#4;97358 - Saint-Élie;0.0;;;;;;;;;;;;;;;;;;;;;;;;;;;;;;;;;;;;;;;;;;
2021;Nombre : 1, 2, ?, 6 ou plus#4;97360 - Apatou;163.38687419891357;;;;;;;;;;;;;;;;;;;;;;;;;;;;;;;;;;;;;;;;;;
2021;Nombre : 1, 2, ?, 6 ou plus#4;97361 - Awala-Yalimapo;49.3833589553833;;;;;;;;;;;;;;;;;;;;;;;;;;;;;;;;;;;;;;;;;;
2021;Nombre : 1, 2, ?, 6 ou plus#4;97362 - Papaichton;111.23717308044434;;;;;;;;;;;;;;;;;;;;;;;;;;;;;;;;;;;;;;;;;;
2021;Nombre : 1, 2, ?, 6 ou plus#5;97301 - Régina;15.799874782562256;;;;;;;;;;;;;;;;;;;;;;;;;;;;;;;;;;;;;;;;;;
2021;Nombre : 1, 2, ?, 6 ou plus#5;97302 - Cayenne;1506.1592717170715;;;;;;;;;;;;;;;;;;;;;;;;;;;;;;;;;;;;;;;;;;
2021;Nombre : 1, 2, ?, 6 ou plus#5;97303 - Iracoubo;50.50128507614136;;;;;;;;;;;;;;;;;;;;;;;;;;;;;;;;;;;;;;;;;;
2021;Nombre : 1, 2, ?, 6 ou plus#5;97304 - Kourou;751.3162190914154;;;;;;;;;;;;;;;;;;;;;;;;;;;;;;;;;;;;;;;;;;
2021;Nombre : 1, 2, ?, 6 ou plus#5;97305 - Macouria;714.473514676094;;;;;;;;;;;;;;;;;;;;;;;;;;;;;;;;;;;;;;;;;;
2021;Nombre : 1, 2, ?, 6 ou plus#5;97306 - Mana;331.2392587661743;;;;;;;;;;;;;;;;;;;;;;;;;;;;;;;;;;;;;;;;;;
2021;Nombre : 1, 2, ?, 6 ou plus#5;97307 - Matoury;1036.0333080291748;;;;;;;;;;;;;;;;;;;;;;;;;;;;;;;;;;;;;;;;;;
2021;Nombre : 1, 2, ?, 6 ou plus#5;97308 - Saint-Georges;137.10122299194336;;;;;;;;;;;;;;;;;;;;;;;;;;;;;;;;;;;;;;;;;;
2021;Nombre : 1, 2, ?, 6 ou plus#5;97309 - Remire-Montjoly;707.5593873262405;;;;;;;;;;;;;;;;;;;;;;;;;;;;;;;;;;;;;;;;;;
2021;Nombre : 1, 2, ?, 6 ou plus#5;97310 - Roura;86.92883491516113;;;;;;;;;;;;;;;;;;;;;;;;;;;;;;;;;;;;;;;;;;
2021;Nombre : 1, 2, ?, 6 ou plus#5;97311 - Saint-Laurent-du-Maroni;974.3824973106384;;;;;;;;;;;;;;;;;;;;;;;;;;;;;;;;;;;;;;;;;;
2021;Nombre : 1, 2, ?, 6 ou plus#5;97312 - Sinnamary;96.87978935241699;;;;;;;;;;;;;;;;;;;;;;;;;;;;;;;;;;;;;;;;;;
2021;Nombre : 1, 2, ?, 6 ou plus#5;97313 - Montsinéry-Tonnegrande;110.61548328399658;;;;;;;;;;;;;;;;;;;;;;;;;;;;;;;;;;;;;;;;;;
2021;Nombre : 1, 2, ?, 6 ou plus#5;97314 - Ouanary;0.0;;;;;;;;;;;;;;;;;;;;;;;;;;;;;;;;;;;;;;;;;;
2021;Nombre : 1, 2, ?, 6 ou plus#5;97352 - Saül;0.0;;;;;;;;;;;;;;;;;;;;;;;;;;;;;;;;;;;;;;;;;;
2021;Nombre : 1, 2, ?, 6 ou plus#5;97353 - Maripasoula;183.75455915927887;;;;;;;;;;;;;;;;;;;;;;;;;;;;;;;;;;;;;;;;;;
2021;Nombre : 1, 2, ?, 6 ou plus#5;97356 - Camopi;68.46086740493774;;;;;;;;;;;;;;;;;;;;;;;;;;;;;;;;;;;;;;;;;;
2021;Nombre : 1, 2, ?, 6 ou plus#5;97357 - Grand-Santi;220.41066884994507;;;;;;;;;;;;;;;;;;;;;;;;;;;;;;;;;;;;;;;;;;
2021;Nombre : 1, 2, ?, 6 ou plus#5;97358 - Saint-Élie;0.0;;;;;;;;;;;;;;;;;;;;;;;;;;;;;;;;;;;;;;;;;;
2021;Nombre : 1, 2, ?, 6 ou plus#5;97360 - Apatou;164.84262466430664;;;;;;;;;;;;;;;;;;;;;;;;;;;;;;;;;;;;;;;;;;
2021;Nombre : 1, 2, ?, 6 ou plus#5;97361 - Awala-Yalimapo;39.369929790496826;;;;;;;;;;;;;;;;;;;;;;;;;;;;;;;;;;;;;;;;;;
2021;Nombre : 1, 2, ?, 6 ou plus#5;97362 - Papaichton;117.20460414886475;;;;;;;;;;;;;;;;;;;;;;;;;;;;;;;;;;;;;;;;;;
2021;Nombre : 1, 2, ?, 6 ou plus#6 ou plus;97301 - Régina;39.12898778915405;;;;;;;;;;;;;;;;;;;;;;;;;;;;;;;;;;;;;;;;;;
2021;Nombre : 1, 2, ?, 6 ou plus#6 ou plus;97302 - Cayenne;1287.371687412262;;;;;;;;;;;;;;;;;;;;;;;;;;;;;;;;;;;;;;;;;;
2021;Nombre : 1, 2, ?, 6 ou plus#6 ou plus;97303 - Iracoubo;83.75749254226685;;;;;;;;;;;;;;;;;;;;;;;;;;;;;;;;;;;;;;;;;;
2021;Nombre : 1, 2, ?, 6 ou plus#6 ou plus;97304 - Kourou;841.353217124939;;;;;;;;;;;;;;;;;;;;;;;;;;;;;;;;;;;;;;;;;;
2021;Nombre : 1, 2, ?, 6 ou plus#6 ou plus;97305 - Macouria;790.0370305776596;;;;;;;;;;;;;;;;;;;;;;;;;;;;;;;;;;;;;;;;;;
2021;Nombre : 1, 2, ?, 6 ou plus#6 ou plus;97306 - Mana;832.2384048700333;;;;;;;;;;;;;;;;;;;;;;;;;;;;;;;;;;;;;;;;;;
2021;Nombre : 1, 2, ?, 6 ou plus#6 ou plus;97307 - Matoury;1066.5849478244781;;;;;;;;;;;;;;;;;;;;;;;;;;;;;;;;;;;;;;;;;;
2021;Nombre : 1, 2, ?, 6 ou plus#6 ou plus;97308 - Saint-Georges;281.85554790496826;;;;;;;;;;;;;;;;;;;;;;;;;;;;;;;;;;;;;;;;;;
2021;Nombre : 1, 2, ?, 6 ou plus#6 ou plus;97309 - Remire-Montjoly;509.0225201845169;;;;;;;;;;;;;;;;;;;;;;;;;;;;;;;;;;;;;;;;;;
2021;Nombre : 1, 2, ?, 6 ou plus#6 ou plus;97310 - Roura;120.53135633468628;;;;;;;;;;;;;;;;;;;;;;;;;;;;;;;;;;;;;;;;;;
2021;Nombre : 1, 2, ?, 6 ou plus#6 ou plus;97311 - Saint-Laurent-du-Maroni;2938.58651638031;;;;;;;;;;;;;;;;;;;;;;;;;;;;;;;;;;;;;;;;;;
2021;Nombre : 1, 2, ?, 6 ou plus#6 ou plus;97312 - Sinnamary;109.39342832565308;;;;;;;;;;;;;;;;;;;;;;;;;;;;;;;;;;;;;;;;;;
2021;Nombre : 1, 2, ?, 6 ou plus#6 ou plus;97313 - Montsinéry-Tonnegrande;106.49657154083252;;;;;;;;;;;;;;;;;;;;;;;;;;;;;;;;;;;;;;;;;;
2021;Nombre : 1, 2, ?, 6 ou plus#6 ou plus;97314 - Ouanary;18.782100677490234;;;;;;;;;;;;;;;;;;;;;;;;;;;;;;;;;;;;;;;;;;
2021;Nombre : 1, 2, ?, 6 ou plus#6 ou plus;97352 - Saül;0.0;;;;;;;;;;;;;;;;;;;;;;;;;;;;;;;;;;;;;;;;;;
2021;Nombre : 1, 2, ?, 6 ou plus#6 ou plus;97353 - Maripasoula;525.167888879776;;;;;;;;;;;;;;;;;;;;;;;;;;;;;;;;;;;;;;;;;;
2021;Nombre : 1, 2, ?, 6 ou plus#6 ou plus;97356 - Camopi;150.81707620620728;;;;;;;;;;;;;;;;;;;;;;;;;;;;;;;;;;;;;;;;;;
2021;Nombre : 1, 2, ?, 6 ou plus#6 ou plus;97357 - Grand-Santi;720.0129518508911;;;;;;;;;;;;;;;;;;;;;;;;;;;;;;;;;;;;;;;;;;
2021;Nombre : 1, 2, ?, 6 ou plus#6 ou plus;97358 - Saint-Élie;8.770974159240723;;;;;;;;;;;;;;;;;;;;;;;;;;;;;;;;;;;;;;;;;;
2021;Nombre : 1, 2, ?, 6 ou plus#6 ou plus;97360 - Apatou;825.9440040588379;;;;;;;;;;;;;;;;;;;;;;;;;;;;;;;;;;;;;;;;;;
2021;Nombre : 1, 2, ?, 6 ou plus#6 ou plus;97361 - Awala-Yalimapo;102.02944469451904;;;;;;;;;;;;;;;;;;;;;;;;;;;;;;;;;;;;;;;;;;
2021;Nombre : 1, 2, ?, 6 ou plus#6 ou plus;97362 - Papaichton;257.90167903900146;;;;;;;;;;;;;;;;;;;;;;;;;;;;;;;;;;;;;;;;;;
;;;;;;;;;;;;;;;;;;;;;;;;;;;;;;;;;;;;;;;;;;;;;
Date_RP#Annee;Nombre_personnes_menage_RP#nombre0_6plus;Lieu_domicile#Regions_France_2017;Nombre_de_menages_selon_la_taille_du_menage_0;;;;;;;;;;;;;;;;;;;;;;;;;;;;;;;;;;;;;;;;;;
;1;;;;2;;;;3;;;;4;;;;5;;;;6 ou plus;;;;1;;;;2;;;;3;;;;4;;;;5;;;;6 ou plus
2020;Nombre : 1, 2, ?, 6 ou plus#1;Auvergne-Rhône-Alpes;1366734.7261943817;;;;;;;;;;;;;;;;;;;;;;;;;;;;;;;;;;;;;;;;;;
2020;Nombre : 1, 2, ?, 6 ou plus#1;Bourgogne-Franche-Comté;508249.74135899544;;;;;;;;;;;;;;;;;;;;;;;;;;;;;;;;;;;;;;;;;;
2020;Nombre : 1, 2, ?, 6 ou plus#1;Bretagne;612272.6653110385;;;;;;;;;;;;;;;;;;;;;;;;;;;;;;;;;;;;;;;;;;
2020;Nombre : 1, 2, ?, 6 ou plus#1;Centre-Val de Loire;437686.85884833336;;;;;;;;;;;;;;;;;;;;;;;;;;;;;;;;;;;;;;;;;;
2020;Nombre : 1, 2, ?, 6 ou plus#1;Corse;50093.78490793705;;;;;;;;;;;;;;;;;;;;;;;;;;;;;;;;;;;;;;;;;;
2020;Nombre : 1, 2, ?, 6 ou plus#1;Grand Est;922212.6146625876;;;;;;;;;;;;;;;;;;;;;;;;;;;;;;;;;;;;;;;;;;
2020;Nombre : 1, 2, ?, 6 ou plus#1;Guadeloupe;66166.57794594765;;;;;;;;;;;;;;;;;;;;;;;;;;;;;;;;;;;;;;;;;;
2020;Nombre : 1, 2, ?, 6 ou plus#1;Guyane;20934.190673470497;;;;;;;;;;;;;;;;;;;;;;;;;;;;;;;;;;;;;;;;;;
2020;Nombre : 1, 2, ?, 6 ou plus#1;Hauts-de-France;879245.8409104943;;;;;;;;;;;;;;;;;;;;;;;;;;;;;;;;;;;;;;;;;;
2020;Nombre : 1, 2, ?, 6 ou plus#1;Martinique;65718.77171552181;;;;;;;;;;;;;;;;;;;;;;;;;;;;;;;;;;;;;;;;;;
2020;Nombre : 1, 2, ?, 6 ou plus#1;Normandie;558601.3448452353;;;;;;;;;;;;;;;;;;;;;;;;;;;;;;;;;;;;;;;;;;
2020;Nombre : 1, 2, ?, 6 ou plus#1;Nouvelle-Aquitaine;1096037.6824746728;;;;;;;;;;;;;;;;;;;;;;;;;;;;;;;;;;;;;;;;;;
2020;Nombre : 1, 2, ?, 6 ou plus#1;Occitanie;1085849.7613770962;;;;;;;;;;;;;;;;;;;;;;;;;;;;;;;;;;;;;;;;;;
2020;Nombre : 1, 2, ?, 6 ou plus#1;Pays de la Loire;620206.4319098592;;;;;;;;;;;;;;;;;;;;;;;;;;;;;;;;;;;;;;;;;;
2020;Nombre : 1, 2, ?, 6 ou plus#1;Provence-Alpes-Côte d'Azur;907270.563572824;;;;;;;;;;;;;;;;;;;;;;;;;;;;;;;;;;;;;;;;;;
2020;Nombre : 1, 2, ?, 6 ou plus#1;Réunion;101101.33532309532;;;;;;;;;;;;;;;;;;;;;;;;;;;;;;;;;;;;;;;;;;
2020;Nombre : 1, 2, ?, 6 ou plus#1;Île-de-France;2016152.2902887613;;;;;;;;;;;;;;;;;;;;;;;;;;;;;;;;;;;;;;;;;;
2020;Nombre : 1, 2, ?, 6 ou plus#2;Auvergne-Rhône-Alpes;1180324.3427827954;;;;;;;;;;;;;;;;;;;;;;;;;;;;;;;;;;;;;;;;;;
2020;Nombre : 1, 2, ?, 6 ou plus#2;Bourgogne-Franche-Comté;447107.81567168236;;;;;;;;;;;;;;;;;;;;;;;;;;;;;;;;;;;;;;;;;;
2020;Nombre : 1, 2, ?, 6 ou plus#2;Bretagne;525679.1657264829;;;;;;;;;;;;;;;;;;;;;;;;;;;;;;;;;;;;;;;;;;
2020;Nombre : 1, 2, ?, 6 ou plus#2;Centre-Val de Loire;405018.9509013891;;;;;;;;;;;;;;;;;;;;;;;;;;;;;;;;;;;;;;;;;;
2020;Nombre : 1, 2, ?, 6 ou plus#2;Corse;54260.321542203426;;;;;;;;;;;;;;;;;;;;;;;;;;;;;;;;;;;;;;;;;;
2020;Nombre : 1, 2, ?, 6 ou plus#2;Grand Est;849223.3226168156;;;;;;;;;;;;;;;;;;;;;;;;;;;;;;;;;;;;;;;;;;
2020;Nombre : 1, 2, ?, 6 ou plus#2;Guadeloupe;53271.70777988434;;;;;;;;;;;;;;;;;;;;;;;;;;;;;;;;;;;;;;;;;;
2020;Nombre : 1, 2, ?, 6 ou plus#2;Guyane;18668.76625418663;;;;;;;;;;;;;;;;;;;;;;;;;;;;;;;;;;;;;;;;;;
2020;Nombre : 1, 2, ?, 6 ou plus#2;Hauts-de-France;835750.9611700773;;;;;;;;;;;;;;;;;;;;;;;;;;;;;;;;;;;;;;;;;;
2020;Nombre : 1, 2, ?, 6 ou plus#2;Martinique;51933.58356535435;;;;;;;;;;;;;;;;;;;;;;;;;;;;;;;;;;;;;;;;;;
2020;Nombre : 1, 2, ?, 6 ou plus#2;Normandie;515695.8501229882;;;;;;;;;;;;;;;;;;;;;;;;;;;;;;;;;;;;;;;;;;
2020;Nombre : 1, 2, ?, 6 ou plus#2;Nouvelle-Aquitaine;1002049.6040841937;;;;;;;;;;;;;;;;;;;;;;;;;;;;;;;;;;;;;;;;;;
2020;Nombre : 1, 2, ?, 6 ou plus#2;Occitanie;947621.1037276387;;;;;;;;;;;;;;;;;;;;;;;;;;;;;;;;;;;;;;;;;;
2020;Nombre : 1, 2, ?, 6 ou plus#2;Pays de la Loire;588131.5467976332;;;;;;;;;;;;;;;;;;;;;;;;;;;;;;;;;;;;;;;;;;
2020;Nombre : 1, 2, ?, 6 ou plus#2;Provence-Alpes-Côte d'Azur;776399.8686527014;;;;;;;;;;;;;;;;;;;;;;;;;;;;;;;;;;;;;;;;;;
2020;Nombre : 1, 2, ?, 6 ou plus#2;Réunion;98033.89675796032;;;;;;;;;;;;;;;;;;;;;;;;;;;;;;;;;;;;;;;;;;
2020;Nombre : 1, 2, ?, 6 ou plus#2;Île-de-France;1469452.4241302758;;;;;;;;;;;;;;;;;;;;;;;;;;;;;;;;;;;;;;;;;;
2020;Nombre : 1, 2, ?, 6 ou plus#3;Auvergne-Rhône-Alpes;474631.2053753157;;;;;;;;;;;;;;;;;;;;;;;;;;;;;;;;;;;;;;;;;;
2020;Nombre : 1, 2, ?, 6 ou plus#3;Bourgogne-Franche-Comté;157009.7330303192;;;;;;;;;;;;;;;;;;;;;;;;;;;;;;;;;;;;;;;;;;
2020;Nombre : 1, 2, ?, 6 ou plus#3;Bretagne;182411.4566669464;;;;;;;;;;;;;;;;;;;;;;;;;;;;;;;;;;;;;;;;;;
2020;Nombre : 1, 2, ?, 6 ou plus#3;Centre-Val de Loire;147270.5778245926;;;;;;;;;;;;;;;;;;;;;;;;;;;;;;;;;;;;;;;;;;
2020;Nombre : 1, 2, ?, 6 ou plus#3;Corse;26462.112730503082;;;;;;;;;;;;;;;;;;;;;;;;;;;;;;;;;;;;;;;;;;
2020;Nombre : 1, 2, ?, 6 ou plus#3;Grand Est;344610.9748353958;;;;;;;;;;;;;;;;;;;;;;;;;;;;;;;;;;;;;;;;;;
2020;Nombre : 1, 2, ?, 6 ou plus#3;Guadeloupe;28516.67204028368;;;;;;;;;;;;;;;;;;;;;;;;;;;;;;;;;;;;;;;;;;
2020;Nombre : 1, 2, ?, 6 ou plus#3;Guyane;14218.48017179966;;;;;;;;;;;;;;;;;;;;;;;;;;;;;;;;;;;;;;;;;;
2020;Nombre : 1, 2, ?, 6 ou plus#3;Hauts-de-France;372711.10545265675;;;;;;;;;;;;;;;;;;;;;;;;;;;;;;;;;;;;;;;;;;
2020;Nombre : 1, 2, ?, 6 ou plus#3;Martinique;26709.331484377384;;;;;;;;;;;;;;;;;;;;;;;;;;;;;;;;;;;;;;;;;;
2020;Nombre : 1, 2, ?, 6 ou plus#3;Normandie;193424.29118013382;;;;;;;;;;;;;;;;;;;;;;;;;;;;;;;;;;;;;;;;;;
2020;Nombre : 1, 2, ?, 6 ou plus#3;Nouvelle-Aquitaine;360354.63927680254;;;;;;;;;;;;;;;;;;;;;;;;;;;;;;;;;;;;;;;;;;
2020;Nombre : 1, 2, ?, 6 ou plus#3;Occitanie;365542.4382965565;;;;;;;;;;;;;;;;;;;;;;;;;;;;;;;;;;;;;;;;;;
2020;Nombre : 1, 2, ?, 6 ou plus#3;Pays de la Loire;206204.17326933146;;;;;;;;;;;;;;;;;;;;;;;;;;;;;;;;;;;;;;;;;;
2020;Nombre : 1, 2, ?, 6 ou plus#3;Provence-Alpes-Côte d'Azur;318576.1165572405;;;;;;;;;;;;;;;;;;;;;;;;;;;;;;;;;;;;;;;;;;
2020;Nombre : 1, 2, ?, 6 ou plus#3;Réunion;63772.57227098942;;;;;;;;;;;;;;;;;;;;;;;;;;;;;;;;;;;;;;;;;;
2020;Nombre : 1, 2, ?, 6 ou plus#3;Île-de-France;744240.8732666373;;;;;;;;;;;;;;;;;;;;;;;;;;;;;;;;;;;;;;;;;;
2020;Nombre : 1, 2, ?, 6 ou plus#4;Auvergne-Rhône-Alpes;418663.6298828721;;;;;;;;;;;;;;;;;;;;;;;;;;;;;;;;;;;;;;;;;;
2020;Nombre : 1, 2, ?, 6 ou plus#4;Bourgogne-Franche-Comté;130096.48009812832;;;;;;;;;;;;;;;;;;;;;;;;;;;;;;;;;;;;;;;;;;
2020;Nombre : 1, 2, ?, 6 ou plus#4;Bretagne;171886.79276639223;;;;;;;;;;;;;;;;;;;;;;;;;;;;;;;;;;;;;;;;;;
2020;Nombre : 1, 2, ?, 6 ou plus#4;Centre-Val de Loire;123701.79708427191;;;;;;;;;;;;;;;;;;;;;;;;;;;;;;;;;;;;;;;;;;
2020;Nombre : 1, 2, ?, 6 ou plus#4;Corse;16935.1045601964;;;;;;;;;;;;;;;;;;;;;;;;;;;;;;;;;;;;;;;;;;
2020;Nombre : 1, 2, ?, 6 ou plus#4;Grand Est;270551.93314290047;;;;;;;;;;;;;;;;;;;;;;;;;;;;;;;;;;;;;;;;;;
2020;Nombre : 1, 2, ?, 6 ou plus#4;Guadeloupe;17809.568497300148;;;;;;;;;;;;;;;;;;;;;;;;;;;;;;;;;;;;;;;;;;
2020;Nombre : 1, 2, ?, 6 ou plus#4;Guyane;11581.632379889488;;;;;;;;;;;;;;;;;;;;;;;;;;;;;;;;;;;;;;;;;;
2020;Nombre : 1, 2, ?, 6 ou plus#4;Hauts-de-France;312908.46389842033;;;;;;;;;;;;;;;;;;;;;;;;;;;;;;;;;;;;;;;;;;
2020;Nombre : 1, 2, ?, 6 ou plus#4;Martinique;15404.062324523926;;;;;;;;;;;;;;;;;;;;;;;;;;;;;;;;;;;;;;;;;;
2020;Nombre : 1, 2, ?, 6 ou plus#4;Normandie;166517.83024328947;;;;;;;;;;;;;;;;;;;;;;;;;;;;;;;;;;;;;;;;;;
2020;Nombre : 1, 2, ?, 6 ou plus#4;Nouvelle-Aquitaine;281625.2465881705;;;;;;;;;;;;;;;;;;;;;;;;;;;;;;;;;;;;;;;;;;
2020;Nombre : 1, 2, ?, 6 ou plus#4;Occitanie;279110.9064078331;;;;;;;;;;;;;;;;;;;;;;;;;;;;;;;;;;;;;;;;;;
2020;Nombre : 1, 2, ?, 6 ou plus#4;Pays de la Loire;206265.47502869368;;;;;;;;;;;;;;;;;;;;;;;;;;;;;;;;;;;;;;;;;;
2020;Nombre : 1, 2, ?, 6 ou plus#4;Provence-Alpes-Côte d'Azur;239548.94224745035;;;;;;;;;;;;;;;;;;;;;;;;;;;;;;;;;;;;;;;;;;
2020;Nombre : 1, 2, ?, 6 ou plus#4;Réunion;47880.67281073332;;;;;;;;;;;;;;;;;;;;;;;;;;;;;;;;;;;;;;;;;;
2020;Nombre : 1, 2, ?, 6 ou plus#4;Île-de-France;653247.2735096589;;;;;;;;;;;;;;;;;;;;;;;;;;;;;;;;;;;;;;;;;;
2020;Nombre : 1, 2, ?, 6 ou plus#5;Auvergne-Rhône-Alpes;148124.41628271533;;;;;;;;;;;;;;;;;;;;;;;;;;;;;;;;;;;;;;;;;;
2020;Nombre : 1, 2, ?, 6 ou plus#5;Bourgogne-Franche-Comté;45464.42398709059;;;;;;;;;;;;;;;;;;;;;;;;;;;;;;;;;;;;;;;;;;
2020;Nombre : 1, 2, ?, 6 ou plus#5;Bretagne;58309.091102838516;;;;;;;;;;;;;;;;;;;;;;;;;;;;;;;;;;;;;;;;;;
2020;Nombre : 1, 2, ?, 6 ou plus#5;Centre-Val de Loire;43198.24684751034;;;;;;;;;;;;;;;;;;;;;;;;;;;;;;;;;;;;;;;;;;
2020;Nombre : 1, 2, ?, 6 ou plus#5;Corse;4449.205586135387;;;;;;;;;;;;;;;;;;;;;;;;;;;;;;;;;;;;;;;;;;
2020;Nombre : 1, 2, ?, 6 ou plus#5;Grand Est;92850.96027052402;;;;;;;;;;;;;;;;;;;;;;;;;;;;;;;;;;;;;;;;;;
2020;Nombre : 1, 2, ?, 6 ou plus#5;Guadeloupe;6115.4666149020195;;;;;;;;;;;;;;;;;;;;;;;;;;;;;;;;;;;;;;;;;;
2020;Nombre : 1, 2, ?, 6 ou plus#5;Guyane;7298.760751485825;;;;;;;;;;;;;;;;;;;;;;;;;;;;;;;;;;;;;;;;;;
2020;Nombre : 1, 2, ?, 6 ou plus#5;Hauts-de-France;123855.7934165597;;;;;;;;;;;;;;;;;;;;;;;;;;;;;;;;;;;;;;;;;;
2020;Nombre : 1, 2, ?, 6 ou plus#5;Martinique;5256.241627335548;;;;;;;;;;;;;;;;;;;;;;;;;;;;;;;;;;;;;;;;;;
2020;Nombre : 1, 2, ?, 6 ou plus#5;Normandie;57908.712354421616;;;;;;;;;;;;;;;;;;;;;;;;;;;;;;;;;;;;;;;;;;
2020;Nombre : 1, 2, ?, 6 ou plus#5;Nouvelle-Aquitaine;81545.90261733532;;;;;;;;;;;;;;;;;;;;;;;;;;;;;;;;;;;;;;;;;;
2020;Nombre : 1, 2, ?, 6 ou plus#5;Occitanie;86307.46432548761;;;;;;;;;;;;;;;;;;;;;;;;;;;;;;;;;;;;;;;;;;
2020;Nombre : 1, 2, ?, 6 ou plus#5;Pays de la Loire;74203.36788785458;;;;;;;;;;;;;;;;;;;;;;;;;;;;;;;;;;;;;;;;;;
2020;Nombre : 1, 2, ?, 6 ou plus#5;Provence-Alpes-Côte d'Azur;79765.06216862798;;;;;;;;;;;;;;;;;;;;;;;;;;;;;;;;;;;;;;;;;;
2020;Nombre : 1, 2, ?, 6 ou plus#5;Réunion;19643.702466726303;;;;;;;;;;;;;;;;;;;;;;;;;;;;;;;;;;;;;;;;;;
2020;Nombre : 1, 2, ?, 6 ou plus#5;Île-de-France;276775.9515706422;;;;;;;;;;;;;;;;;;;;;;;;;;;;;;;;;;;;;;;;;;
2020;Nombre : 1, 2, ?, 6 ou plus#6 ou plus;Auvergne-Rhône-Alpes;51935.47201895714;;;;;;;;;;;;;;;;;;;;;;;;;;;;;;;;;;;;;;;;;;
2020;Nombre : 1, 2, ?, 6 ou plus#6 ou plus;Bourgogne-Franche-Comté;16635.369015336037;;;;;;;;;;;;;;;;;;;;;;;;;;;;;;;;;;;;;;;;;;
2020;Nombre : 1, 2, ?, 6 ou plus#6 ou plus;Bretagne;15555.983457505703;;;;;;;;;;;;;;;;;;;;;;;;;;;;;;;;;;;;;;;;;;
2020;Nombre : 1, 2, ?, 6 ou plus#6 ou plus;Centre-Val de Loire;17320.716590940952;;;;;;;;;;;;;;;;;;;;;;;;;;;;;;;;;;;;;;;;;;
2020;Nombre : 1, 2, ?, 6 ou plus#6 ou plus;Corse;1415.9096316695213;;;;;;;;;;;;;;;;;;;;;;;;;;;;;;;;;;;;;;;;;;
2020;Nombre : 1, 2, ?, 6 ou plus#6 ou plus;Grand Est;35957.85642719269;;;;;;;;;;;;;;;;;;;;;;;;;;;;;;;;;;;;;;;;;;
2020;Nombre : 1, 2, ?, 6 ou plus#6 ou plus;Guadeloupe;2902.472036778927;;;;;;;;;;;;;;;;;;;;;;;;;;;;;;;;;;;;;;;;;;
2020;Nombre : 1, 2, ?, 6 ou plus#6 ou plus;Guyane;11751.494943737984;;;;;;;;;;;;;;;;;;;;;;;;;;;;;;;;;;;;;;;;;;
2020;Nombre : 1, 2, ?, 6 ou plus#6 ou plus;Hauts-de-France;53382.045020759106;;;;;;;;;;;;;;;;;;;;;;;;;;;;;;;;;;;;;;;;;;
2020;Nombre : 1, 2, ?, 6 ou plus#6 ou plus;Martinique;2692.875114798546;;;;;;;;;;;;;;;;;;;;;;;;;;;;;;;;;;;;;;;;;;
2020;Nombre : 1, 2, ?, 6 ou plus#6 ou plus;Normandie;19627.70433741808;;;;;;;;;;;;;;;;;;;;;;;;;;;;;;;;;;;;;;;;;;
2020;Nombre : 1, 2, ?, 6 ou plus#6 ou plus;Nouvelle-Aquitaine;27199.521955668926;;;;;;;;;;;;;;;;;;;;;;;;;;;;;;;;;;;;;;;;;;
2020;Nombre : 1, 2, ?, 6 ou plus#6 ou plus;Occitanie;32755.600500404835;;;;;;;;;;;;;;;;;;;;;;;;;;;;;;;;;;;;;;;;;;
2020;Nombre : 1, 2, ?, 6 ou plus#6 ou plus;Pays de la Loire;20299.59760028124;;;;;;;;;;;;;;;;;;;;;;;;;;;;;;;;;;;;;;;;;;
2020;Nombre : 1, 2, ?, 6 ou plus#6 ou plus;Provence-Alpes-Côte d'Azur;32103.455670535564;;;;;;;;;;;;;;;;;;;;;;;;;;;;;;;;;;;;;;;;;;
2020;Nombre : 1, 2, ?, 6 ou plus#6 ou plus;Réunion;11538.45110464096;;;;;;;;;;;;;;;;;;;;;;;;;;;;;;;;;;;;;;;;;;
2020;Nombre : 1, 2, ?, 6 ou plus#6 ou plus;Île-de-France;132791.43360261805;;;;;;;;;;;;;;;;;;;;;;;;;;;;;;;;;;;;;;;;;;
2021;Nombre : 1, 2, ?, 6 ou plus#1;Auvergne-Rhône-Alpes;1410961.4311580658;;;;;;;;;;;;;;;;;;;;;;;;;;;;;;;;;;;;;;;;;;
2021;Nombre : 1, 2, ?, 6 ou plus#1;Bourgogne-Franche-Comté;520574.62866806984;;;;;;;;;;;;;;;;;;;;;;;;;;;;;;;;;;;;;;;;;;
2021;Nombre : 1, 2, ?, 6 ou plus#1;Bretagne;627517.518345356;;;;;;;;;;;;;;;;;;;;;;;;;;;;;;;;;;;;;;;;;;
2021;Nombre : 1, 2, ?, 6 ou plus#1;Centre-Val de Loire;449812.98723840714;;;;;;;;;;;;;;;;;;;;;;;;;;;;;;;;;;;;;;;;;;
2021;Nombre : 1, 2, ?, 6 ou plus#1;Corse;51245.36604607105;;;;;;;;;;;;;;;;;;;;;;;;;;;;;;;;;;;;;;;;;;
2021;Nombre : 1, 2, ?, 6 ou plus#1;Grand Est;946198.7015250921;;;;;;;;;;;;;;;;;;;;;;;;;;;;;;;;;;;;;;;;;;
2021;Nombre : 1, 2, ?, 6 ou plus#1;Guadeloupe;68085.74889802933;;;;;;;;;;;;;;;;;;;;;;;;;;;;;;;;;;;;;;;;;;
2021;Nombre : 1, 2, ?, 6 ou plus#1;Guyane;21431.49936568737;;;;;;;;;;;;;;;;;;;;;;;;;;;;;;;;;;;;;;;;;;
2021;Nombre : 1, 2, ?, 6 ou plus#1;Hauts-de-France;910115.2578206062;;;;;;;;;;;;;;;;;;;;;;;;;;;;;;;;;;;;;;;;;;
2021;Nombre : 1, 2, ?, 6 ou plus#1;Martinique;66617.43844616413;;;;;;;;;;;;;;;;;;;;;;;;;;;;;;;;;;;;;;;;;;
2021;Nombre : 1, 2, ?, 6 ou plus#1;Normandie;576295.8462096453;;;;;;;;;;;;;;;;;;;;;;;;;;;;;;;;;;;;;;;;;;
2021;Nombre : 1, 2, ?, 6 ou plus#1;Nouvelle-Aquitaine;1128598.4571518898;;;;;;;;;;;;;;;;;;;;;;;;;;;;;;;;;;;;;;;;;;
2021;Nombre : 1, 2, ?, 6 ou plus#1;Occitanie;1123307.2024056911;;;;;;;;;;;;;;;;;;;;;;;;;;;;;;;;;;;;;;;;;;
2021;Nombre : 1, 2, ?, 6 ou plus#1;Pays de la Loire;642992.5902255774;;;;;;;;;;;;;;;;;;;;;;;;;;;;;;;;;;;;;;;;;;
2021;Nombre : 1, 2, ?, 6 ou plus#1;Provence-Alpes-Côte d'Azur;940131.2468441725;;;;;;;;;;;;;;;;;;;;;;;;;;;;;;;;;;;;;;;;;;
2021;Nombre : 1, 2, ?, 6 ou plus#1;Réunion;104051.75905370712;;;;;;;;;;;;;;;;;;;;;;;;;;;;;;;;;;;;;;;;;;
2021;Nombre : 1, 2, ?, 6 ou plus#1;Île-de-France;2079288.2788276672;;;;;;;;;;;;;;;;;;;;;;;;;;;;;;;;;;;;;;;;;;
2021;Nombre : 1, 2, ?, 6 ou plus#2;Auvergne-Rhône-Alpes;1190505.2018470764;;;;;;;;;;;;;;;;;;;;;;;;;;;;;;;;;;;;;;;;;;
2021;Nombre : 1, 2, ?, 6 ou plus#2;Bourgogne-Franche-Comté;448444.56579244137;;;;;;;;;;;;;;;;;;;;;;;;;;;;;;;;;;;;;;;;;;
2021;Nombre : 1, 2, ?, 6 ou plus#2;Bretagne;532771.9547770023;;;;;;;;;;;;;;;;;;;;;;;;;;;;;;;;;;;;;;;;;;
2021;Nombre : 1, 2, ?, 6 ou plus#2;Centre-Val de Loire;404859.45784807205;;;;;;;;;;;;;;;;;;;;;;;;;;;;;;;;;;;;;;;;;;
2021;Nombre : 1, 2, ?, 6 ou plus#2;Corse;55585.472593545914;;;;;;;;;;;;;;;;;;;;;;;;;;;;;;;;;;;;;;;;;;
2021;Nombre : 1, 2, ?, 6 ou plus#2;Grand Est;852577.0580402613;;;;;;;;;;;;;;;;;;;;;;;;;;;;;;;;;;;;;;;;;;
2021;Nombre : 1, 2, ?, 6 ou plus#2;Guadeloupe;54035.71493554115;;;;;;;;;;;;;;;;;;;;;;;;;;;;;;;;;;;;;;;;;;
2021;Nombre : 1, 2, ?, 6 ou plus#2;Guyane;19307.711305737495;;;;;;;;;;;;;;;;;;;;;;;;;;;;;;;;;;;;;;;;;;
2021;Nombre : 1, 2, ?, 6 ou plus#2;Hauts-de-France;840253.934671998;;;;;;;;;;;;;;;;;;;;;;;;;;;;;;;;;;;;;;;;;;
2021;Nombre : 1, 2, ?, 6 ou plus#2;Martinique;52565.15136229992;;;;;;;;;;;;;;;;;;;;;;;;;;;;;;;;;;;;;;;;;;
2021;Nombre : 1, 2, ?, 6 ou plus#2;Normandie;519780.62639021873;;;;;;;;;;;;;;;;;;;;;;;;;;;;;;;;;;;;;;;;;;
2021;Nombre : 1, 2, ?, 6 ou plus#2;Nouvelle-Aquitaine;1013346.2908892632;;;;;;;;;;;;;;;;;;;;;;;;;;;;;;;;;;;;;;;;;;
2021;Nombre : 1, 2, ?, 6 ou plus#2;Occitanie;959244.9084439278;;;;;;;;;;;;;;;;;;;;;;;;;;;;;;;;;;;;;;;;;;
2021;Nombre : 1, 2, ?, 6 ou plus#2;Pays de la Loire;600445.3654305935;;;;;;;;;;;;;;;;;;;;;;;;;;;;;;;;;;;;;;;;;;
2021;Nombre : 1, 2, ?, 6 ou plus#2;Provence-Alpes-Côte d'Azur;782821.8243432045;;;;;;;;;;;;;;;;;;;;;;;;;;;;;;;;;;;;;;;;;;
2021;Nombre : 1, 2, ?, 6 ou plus#2;Réunion;99392.3464306593;;;;;;;;;;;;;;;;;;;;;;;;;;;;;;;;;;;;;;;;;;
2021;Nombre : 1, 2, ?, 6 ou plus#2;Île-de-France;1469331.7406004071;;;;;;;;;;;;;;;;;;;;;;;;;;;;;;;;;;;;;;;;;;
2021;Nombre : 1, 2, ?, 6 ou plus#3;Auvergne-Rhône-Alpes;473581.1822477579;;;;;;;;;;;;;;;;;;;;;;;;;;;;;;;;;;;;;;;;;;
2021;Nombre : 1, 2, ?, 6 ou plus#3;Bourgogne-Franche-Comté;155496.81715142727;;;;;;;;;;;;;;;;;;;;;;;;;;;;;;;;;;;;;;;;;;
2021;Nombre : 1, 2, ?, 6 ou plus#3;Bretagne;183832.57262015343;;;;;;;;;;;;;;;;;;;;;;;;;;;;;;;;;;;;;;;;;;
2021;Nombre : 1, 2, ?, 6 ou plus#3;Centre-Val de Loire;146334.43980920315;;;;;;;;;;;;;;;;;;;;;;;;;;;;;;;;;;;;;;;;;;
2021;Nombre : 1, 2, ?, 6 ou plus#3;Corse;26537.04366451502;;;;;;;;;;;;;;;;;;;;;;;;;;;;;;;;;;;;;;;;;;
2021;Nombre : 1, 2, ?, 6 ou plus#3;Grand Est;340735.5013769865;;;;;;;;;;;;;;;;;;;;;;;;;;;;;;;;;;;;;;;;;;
2021;Nombre : 1, 2, ?, 6 ou plus#3;Guadeloupe;28964.744138240814;;;;;;;;;;;;;;;;;;;;;;;;;;;;;;;;;;;;;;;;;;
2021;Nombre : 1, 2, ?, 6 ou plus#3;Guyane;14492.511040329933;;;;;;;;;;;;;;;;;;;;;;;;;;;;;;;;;;;;;;;;;;
2021;Nombre : 1, 2, ?, 6 ou plus#3;Hauts-de-France;371741.7736313343;;;;;;;;;;;;;;;;;;;;;;;;;;;;;;;;;;;;;;;;;;
2021;Nombre : 1, 2, ?, 6 ou plus#3;Martinique;26717.5348777771;;;;;;;;;;;;;;;;;;;;;;;;;;;;;;;;;;;;;;;;;;
2021;Nombre : 1, 2, ?, 6 ou plus#3;Normandie;192713.65258431435;;;;;;;;;;;;;;;;;;;;;;;;;;;;;;;;;;;;;;;;;;
2021;Nombre : 1, 2, ?, 6 ou plus#3;Nouvelle-Aquitaine;360535.7254344225;;;;;;;;;;;;;;;;;;;;;;;;;;;;;;;;;;;;;;;;;;
2021;Nombre : 1, 2, ?, 6 ou plus#3;Occitanie;365262.9375638962;;;;;;;;;;;;;;;;;;;;;;;;;;;;;;;;;;;;;;;;;;
2021;Nombre : 1, 2, ?, 6 ou plus#3;Pays de la Loire;209624.5948793888;;;;;;;;;;;;;;;;;;;;;;;;;;;;;;;;;;;;;;;;;;
2021;Nombre : 1, 2, ?, 6 ou plus#3;Provence-Alpes-Côte d'Azur;317473.0398385525;;;;;;;;;;;;;;;;;;;;;;;;;;;;;;;;;;;;;;;;;;
2021;Nombre : 1, 2, ?, 6 ou plus#3;Réunion;64059.10320711136;;;;;;;;;;;;;;;;;;;;;;;;;;;;;;;;;;;;;;;;;;
2021;Nombre : 1, 2, ?, 6 ou plus#3;Île-de-France;741616.9149895906;;;;;;;;;;;;;;;;;;;;;;;;;;;;;;;;;;;;;;;;;;
2021;Nombre : 1, 2, ?, 6 ou plus#4;Auvergne-Rhône-Alpes;417420.2316997051;;;;;;;;;;;;;;;;;;;;;;;;;;;;;;;;;;;;;;;;;;
2021;Nombre : 1, 2, ?, 6 ou plus#4;Bourgogne-Franche-Comté;128493.3228199482;;;;;;;;;;;;;;;;;;;;;;;;;;;;;;;;;;;;;;;;;;
2021;Nombre : 1, 2, ?, 6 ou plus#4;Bretagne;171811.56922793388;;;;;;;;;;;;;;;;;;;;;;;;;;;;;;;;;;;;;;;;;;
2021;Nombre : 1, 2, ?, 6 ou plus#4;Centre-Val de Loire;122220.36982738972;;;;;;;;;;;;;;;;;;;;;;;;;;;;;;;;;;;;;;;;;;
2021;Nombre : 1, 2, ?, 6 ou plus#4;Corse;16943.72656685114;;;;;;;;;;;;;;;;;;;;;;;;;;;;;;;;;;;;;;;;;;
2021;Nombre : 1, 2, ?, 6 ou plus#4;Grand Est;267498.9420067072;;;;;;;;;;;;;;;;;;;;;;;;;;;;;;;;;;;;;;;;;;
2021;Nombre : 1, 2, ?, 6 ou plus#4;Guadeloupe;17650.914970755577;;;;;;;;;;;;;;;;;;;;;;;;;;;;;;;;;;;;;;;;;;
2021;Nombre : 1, 2, ?, 6 ou plus#4;Guyane;11664.859424352646;;;;;;;;;;;;;;;;;;;;;;;;;;;;;;;;;;;;;;;;;;
2021;Nombre : 1, 2, ?, 6 ou plus#4;Hauts-de-France;311114.2689577341;;;;;;;;;;;;;;;;;;;;;;;;;;;;;;;;;;;;;;;;;;
2021;Nombre : 1, 2, ?, 6 ou plus#4;Martinique;15135.623864889145;;;;;;;;;;;;;;;;;;;;;;;;;;;;;;;;;;;;;;;;;;
2021;Nombre : 1, 2, ?, 6 ou plus#4;Normandie;165560.88413095474;;;;;;;;;;;;;;;;;;;;;;;;;;;;;;;;;;;;;;;;;;
2021;Nombre : 1, 2, ?, 6 ou plus#4;Nouvelle-Aquitaine;281955.08666038513;;;;;;;;;;;;;;;;;;;;;;;;;;;;;;;;;;;;;;;;;;
2021;Nombre : 1, 2, ?, 6 ou plus#4;Occitanie;277924.1134646535;;;;;;;;;;;;;;;;;;;;;;;;;;;;;;;;;;;;;;;;;;
2021;Nombre : 1, 2, ?, 6 ou plus#4;Pays de la Loire;208828.60822308064;;;;;;;;;;;;;;;;;;;;;;;;;;;;;;;;;;;;;;;;;;
2021;Nombre : 1, 2, ?, 6 ou plus#4;Provence-Alpes-Côte d'Azur;239468.54715824127;;;;;;;;;;;;;;;;;;;;;;;;;;;;;;;;;;;;;;;;;;
2021;Nombre : 1, 2, ?, 6 ou plus#4;Réunion;47115.0039498806;;;;;;;;;;;;;;;;;;;;;;;;;;;;;;;;;;;;;;;;;;
2021;Nombre : 1, 2, ?, 6 ou plus#4;Île-de-France;652366.5221614838;;;;;;;;;;;;;;;;;;;;;;;;;;;;;;;;;;;;;;;;;;
2021;Nombre : 1, 2, ?, 6 ou plus#5;Auvergne-Rhône-Alpes;147860.80515122414;;;;;;;;;;;;;;;;;;;;;;;;;;;;;;;;;;;;;;;;;;
2021;Nombre : 1, 2, ?, 6 ou plus#5;Bourgogne-Franche-Comté;44915.9974411726;;;;;;;;;;;;;;;;;;;;;;;;;;;;;;;;;;;;;;;;;;
2021;Nombre : 1, 2, ?, 6 ou plus#5;Bretagne;57467.913178265095;;;;;;;;;;;;;;;;;;;;;;;;;;;;;;;;;;;;;;;;;;
2021;Nombre : 1, 2, ?, 6 ou plus#5;Centre-Val de Loire;42787.99547243118;;;;;;;;;;;;;;;;;;;;;;;;;;;;;;;;;;;;;;;;;;
2021;Nombre : 1, 2, ?, 6 ou plus#5;Corse;4394.994990408421;;;;;;;;;;;;;;;;;;;;;;;;;;;;;;;;;;;;;;;;;;
2021;Nombre : 1, 2, ?, 6 ou plus#5;Grand Est;92024.30221867561;;;;;;;;;;;;;;;;;;;;;;;;;;;;;;;;;;;;;;;;;;
2021;Nombre : 1, 2, ?, 6 ou plus#5;Guadeloupe;5894.8616054058075;;;;;;;;;;;;;;;;;;;;;;;;;;;;;;;;;;;;;;;;;;
2021;Nombre : 1, 2, ?, 6 ou plus#5;Guyane;7313.033201336861;;;;;;;;;;;;;;;;;;;;;;;;;;;;;;;;;;;;;;;;;;
2021;Nombre : 1, 2, ?, 6 ou plus#5;Hauts-de-France;121377.58918857574;;;;;;;;;;;;;;;;;;;;;;;;;;;;;;;;;;;;;;;;;;
2021;Nombre : 1, 2, ?, 6 ou plus#5;Martinique;5077.616383552551;;;;;;;;;;;;;;;;;;;;;;;;;;;;;;;;;;;;;;;;;;
2021;Nombre : 1, 2, ?, 6 ou plus#5;Normandie;56693.63860428333;;;;;;;;;;;;;;;;;;;;;;;;;;;;;;;;;;;;;;;;;;
2021;Nombre : 1, 2, ?, 6 ou plus#5;Nouvelle-Aquitaine;80776.28532510996;;;;;;;;;;;;;;;;;;;;;;;;;;;;;;;;;;;;;;;;;;
2021;Nombre : 1, 2, ?, 6 ou plus#5;Occitanie;86604.25371026993;;;;;;;;;;;;;;;;;;;;;;;;;;;;;;;;;;;;;;;;;;
2021;Nombre : 1, 2, ?, 6 ou plus#5;Pays de la Loire;73796.69117331505;;;;;;;;;;;;;;;;;;;;;;;;;;;;;;;;;;;;;;;;;;
2021;Nombre : 1, 2, ?, 6 ou plus#5;Provence-Alpes-Côte d'Azur;80097.15714740753;;;;;;;;;;;;;;;;;;;;;;;;;;;;;;;;;;;;;;;;;;
2021;Nombre : 1, 2, ?, 6 ou plus#5;Réunion;19338.556086182594;;;;;;;;;;;;;;;;;;;;;;;;;;;;;;;;;;;;;;;;;;
2021;Nombre : 1, 2, ?, 6 ou plus#5;Île-de-France;279120.37212723494;;;;;;;;;;;;;;;;;;;;;;;;;;;;;;;;;;;;;;;;;;
2021;Nombre : 1, 2, ?, 6 ou plus#6 ou plus;Auvergne-Rhône-Alpes;52701.49053108692;;;;;;;;;;;;;;;;;;;;;;;;;;;;;;;;;;;;;;;;;;
2021;Nombre : 1, 2, ?, 6 ou plus#6 ou plus;Bourgogne-Franche-Comté;16901.876385748386;;;;;;;;;;;;;;;;;;;;;;;;;;;;;;;;;;;;;;;;;;
2021;Nombre : 1, 2, ?, 6 ou plus#6 ou plus;Bretagne;15721.470307946205;;;;;;;;;;;;;;;;;;;;;;;;;;;;;;;;;;;;;;;;;;
2021;Nombre : 1, 2, ?, 6 ou plus#6 ou plus;Centre-Val de Loire;17552.8840777874;;;;;;;;;;;;;;;;;;;;;;;;;;;;;;;;;;;;;;;;;;
2021;Nombre : 1, 2, ?, 6 ou plus#6 ou plus;Corse;1392.7087998390198;;;;;;;;;;;;;;;;;;;;;;;;;;;;;;;;;;;;;;;;;;
2021;Nombre : 1, 2, ?, 6 ou plus#6 ou plus;Grand Est;36323.1123200655;;;;;;;;;;;;;;;;;;;;;;;;;;;;;;;;;;;;;;;;;;
2021;Nombre : 1, 2, ?, 6 ou plus#6 ou plus;Guadeloupe;2863.0881938934326;;;;;;;;;;;;;;;;;;;;;;;;;;;;;;;;;;;;;;;;;;
2021;Nombre : 1, 2, ?, 6 ou plus#6 ou plus;Guyane;11615.783828377724;;;;;;;;;;;;;;;;;;;;;;;;;;;;;;;;;;;;;;;;;;
2021;Nombre : 1, 2, ?, 6 ou plus#6 ou plus;Hauts-de-France;52961.634313583374;;;;;;;;;;;;;;;;;;;;;;;;;;;;;;;;;;;;;;;;;;
2021;Nombre : 1, 2, ?, 6 ou plus#6 ou plus;Martinique;2559.876933693886;;;;;;;;;;;;;;;;;;;;;;;;;;;;;;;;;;;;;;;;;;
2021;Nombre : 1, 2, ?, 6 ou plus#6 ou plus;Normandie;19927.058430194855;;;;;;;;;;;;;;;;;;;;;;;;;;;;;;;;;;;;;;;;;;
2021;Nombre : 1, 2, ?, 6 ou plus#6 ou plus;Nouvelle-Aquitaine;27721.393225193024;;;;;;;;;;;;;;;;;;;;;;;;;;;;;;;;;;;;;;;;;;
2021;Nombre : 1, 2, ?, 6 ou plus#6 ou plus;Occitanie;33327.21277922392;;;;;;;;;;;;;;;;;;;;;;;;;;;;;;;;;;;;;;;;;;
2021;Nombre : 1, 2, ?, 6 ou plus#6 ou plus;Pays de la Loire;20859.981093525887;;;;;;;;;;;;;;;;;;;;;;;;;;;;;;;;;;;;;;;;;;
2021;Nombre : 1, 2, ?, 6 ou plus#6 ou plus;Provence-Alpes-Côte d'Azur;32739.52193045616;;;;;;;;;;;;;;;;;;;;;;;;;;;;;;;;;;;;;;;;;;
2021;Nombre : 1, 2, ?, 6 ou plus#6 ou plus;Réunion;11695.43288242817;;;;;;;;;;;;;;;;;;;;;;;;;;;;;;;;;;;;;;;;;;
2021;Nombre : 1, 2, ?, 6 ou plus#6 ou plus;Île-de-France;136025.34140568972;;;;;;;;;;;;;;;;;;;;;;;;;;;;;;;;;;;;;;;;;;
;;;;;;;;;;;;;;;;;;;;;;;;;;;;;;;;;;;;;;;;;;;;;
Date_RP#Annee;Nombre_personnes_menage_RP#nombre0_6plus;Lieu_domicile#France;Nombre_de_menages_selon_la_taille_du_menage_1;;;;;;;;;;;;;;;;;;;;;;;;;;;;;;;;;;;;;;;;;;
2020;Nombre : 1, 2, ?, 6 ou plus#1;Departements d'outre mer;253920.87565803528;;2;;;;3;;;;4;;;;5;;;;6 ou plus;;;;1;;;;2;;;;3;;;;4;;;;5;;;;6 ou plus
2020;Nombre : 1, 2, ?, 6 ou plus#2;Departements d'outre mer;221907.95435738564;;;;;;;;;;;;;;;;;;;;;;;;;;;;;;;;;;;;;;;;;;
2020;Nombre : 1, 2, ?, 6 ou plus#3;Departements d'outre mer;133217.05596745014;;;;;;;;;;;;;;;;;;;;;;;;;;;;;;;;;;;;;;;;;;
2020;Nombre : 1, 2, ?, 6 ou plus#4;Departements d'outre mer;92675.93601244688;;;;;;;;;;;;;;;;;;;;;;;;;;;;;;;;;;;;;;;;;;
2020;Nombre : 1, 2, ?, 6 ou plus#5;Departements d'outre mer;38314.171460449696;;;;;;;;;;;;;;;;;;;;;;;;;;;;;;;;;;;;;;;;;;
2020;Nombre : 1, 2, ?, 6 ou plus#6 ou plus;Departements d'outre mer;28885.293199956417;;;;;;;;;;;;;;;;;;;;;;;;;;;;;;;;;;;;;;;;;;
2021;Nombre : 1, 2, ?, 6 ou plus#1;Departements d'outre mer;260186.44576358795;;;;;;;;;;;;;;;;;;;;;;;;;;;;;;;;;;;;;;;;;;
2021;Nombre : 1, 2, ?, 6 ou plus#2;Departements d'outre mer;225300.92403423786;;;;;;;;;;;;;;;;;;;;;;;;;;;;;;;;;;;;;;;;;;
2021;Nombre : 1, 2, ?, 6 ou plus#3;Departements d'outre mer;134233.8932634592;;;;;;;;;;;;;;;;;;;;;;;;;;;;;;;;;;;;;;;;;;
2021;Nombre : 1, 2, ?, 6 ou plus#4;Departements d'outre mer;91566.40220987797;;;;;;;;;;;;;;;;;;;;;;;;;;;;;;;;;;;;;;;;;;
2021;Nombre : 1, 2, ?, 6 ou plus#5;Departements d'outre mer;37624.067276477814;;;;;;;;;;;;;;;;;;;;;;;;;;;;;;;;;;;;;;;;;;
2021;Nombre : 1, 2, ?, 6 ou plus#6 ou plus;Departements d'outre mer;28734.18183839321;;;;;;;;;;;;;;;;;;;;;;;;;;;;;;;;;;;;;;;;;;
2020;Nombre : 1, 2, ?, 6 ou plus#1;France métropolitaine;11060614.306662217;;;;;;;;;;;;;;;;;;;;;;;;;;;;;;;;;;;;;;;;;;
2020;Nombre : 1, 2, ?, 6 ou plus#2;France métropolitaine;9596715.277926877;;;;;;;;;;;;;;;;;;;;;;;;;;;;;;;;;;;;;;;;;;
2020;Nombre : 1, 2, ?, 6 ou plus#3;France métropolitaine;3893449.6977624316;;;;;;;;;;;;;;;;;;;;;;;;;;;;;;;;;;;;;;;;;;
2020;Nombre : 1, 2, ?, 6 ou plus#4;France métropolitaine;3271059.8754582778;;;;;;;;;;;;;;;;;;;;;;;;;;;;;;;;;;;;;;;;;;
2020;Nombre : 1, 2, ?, 6 ou plus#5;France métropolitaine;1172758.598417743;;;;;;;;;;;;;;;;;;;;;;;;;;;;;;;;;;;;;;;;;;
2020;Nombre : 1, 2, ?, 6 ou plus#6 ou plus;France métropolitaine;456980.66582928784;;;;;;;;;;;;;;;;;;;;;;;;;;;;;;;;;;;;;;;;;;
2021;Nombre : 1, 2, ?, 6 ou plus#1;France métropolitaine;11407039.512466311;;;;;;;;;;;;;;;;;;;;;;;;;;;;;;;;;;;;;;;;;;
2021;Nombre : 1, 2, ?, 6 ou plus#2;France métropolitaine;9669968.401668012;;;;;;;;;;;;;;;;;;;;;;;;;;;;;;;;;;;;;;;;;;
2021;Nombre : 1, 2, ?, 6 ou plus#3;France métropolitaine;3885486.1957915425;;;;;;;;;;;;;;;;;;;;;;;;;;;;;;;;;;;;;;;;;;
2021;Nombre : 1, 2, ?, 6 ou plus#4;France métropolitaine;3261606.1929050684;;;;;;;;;;;;;;;;;;;;;;;;;;;;;;;;;;;;;;;;;;
2021;Nombre : 1, 2, ?, 6 ou plus#5;France métropolitaine;1167917.9957283735;;;;;;;;;;;;;;;;;;;;;;;;;;;;;;;;;;;;;;;;;;
2021;Nombre : 1, 2, ?, 6 ou plus#6 ou plus;France métropolitaine;464155.68560034037;;;;;;;;;;;;;;;;;;;;;;;;;;;;;;;;;;;;;;;;;;
;1;;;;;;;;;;;;;;;;;;;;;;;;;;;;;;;;;;;;;;;;;;;;
