Date_RP#Annee;Age_nonScolarise#age_m15_1524_2554_5564_65plus;Sexe_nonScolarise#sexe;Diplome_lePlusEleve_RP#diplome_2015;Lieu_domicile#commune_stable_ds_tps_0825_sansArr;Nombre_de_personnes_sorties_du_systeme_scolaire_selon_le_diplôme__par_âge_et_ou_genre_
;15-24 ans§25-54 ans§55-64 ans;masculin§feminin;Aucun diplôme ou au plus BEPC, brevet des collèges, DNB;;
2015;Age rgp : -15 ans, 15-24, 25-54, 55-64, 65 ou +;Sexe;diplome_2015#Aucun diplôme ou au plus BEPC, brevet des collèges, DNB;97301 - Régina;287.99945402145386
2016;Age rgp : -15 ans, 15-24, 25-54, 55-64, 65 ou +;Sexe;diplome_2015#Aucun diplôme ou au plus BEPC, brevet des collèges, DNB;97301 - Régina;278.4996099472046
2017;Age rgp : -15 ans, 15-24, 25-54, 55-64, 65 ou +;Sexe;diplome_2015#Aucun diplôme ou au plus BEPC, brevet des collèges, DNB;97301 - Régina;269.0
2018;Age rgp : -15 ans, 15-24, 25-54, 55-64, 65 ou +;Sexe;diplome_2015#Aucun diplôme ou au plus BEPC, brevet des collèges, DNB;97301 - Régina;265.5497856140137
2019;Age rgp : -15 ans, 15-24, 25-54, 55-64, 65 ou +;Sexe;diplome_2015#Aucun diplôme ou au plus BEPC, brevet des collèges, DNB;97301 - Régina;261.9552960395813
2020;Age rgp : -15 ans, 15-24, 25-54, 55-64, 65 ou +;Sexe;diplome_2015#Aucun diplôme ou au plus BEPC, brevet des collèges, DNB;97301 - Régina;258.6729531288147
2021;Age rgp : -15 ans, 15-24, 25-54, 55-64, 65 ou +;Sexe;diplome_2015#Aucun diplôme ou au plus BEPC, brevet des collèges, DNB;97301 - Régina;453.23078441619873
2022;Age rgp : -15 ans, 15-24, 25-54, 55-64, 65 ou +;Sexe;diplome_2015#Aucun diplôme ou au plus BEPC, brevet des collèges, DNB;97301 - Régina;450.25648164749146
2015;Age rgp : -15 ans, 15-24, 25-54, 55-64, 65 ou +;Sexe;diplome_2015#Aucun diplôme ou au plus BEPC, brevet des collèges, DNB;97302 - Cayenne;13033.11734008789
2016;Age rgp : -15 ans, 15-24, 25-54, 55-64, 65 ou +;Sexe;diplome_2015#Aucun diplôme ou au plus BEPC, brevet des collèges, DNB;97302 - Cayenne;14051.719451904297
2017;Age rgp : -15 ans, 15-24, 25-54, 55-64, 65 ou +;Sexe;diplome_2015#Aucun diplôme ou au plus BEPC, brevet des collèges, DNB;97302 - Cayenne;14244.92465209961
2018;Age rgp : -15 ans, 15-24, 25-54, 55-64, 65 ou +;Sexe;diplome_2015#Aucun diplôme ou au plus BEPC, brevet des collèges, DNB;97302 - Cayenne;14669.819122314453
2019;Age rgp : -15 ans, 15-24, 25-54, 55-64, 65 ou +;Sexe;diplome_2015#Aucun diplôme ou au plus BEPC, brevet des collèges, DNB;97302 - Cayenne;15019.40835571289
2020;Age rgp : -15 ans, 15-24, 25-54, 55-64, 65 ou +;Sexe;diplome_2015#Aucun diplôme ou au plus BEPC, brevet des collèges, DNB;97302 - Cayenne;14858.455810546875
2021;Age rgp : -15 ans, 15-24, 25-54, 55-64, 65 ou +;Sexe;diplome_2015#Aucun diplôme ou au plus BEPC, brevet des collèges, DNB;97302 - Cayenne;14422.343048095703
2022;Age rgp : -15 ans, 15-24, 25-54, 55-64, 65 ou +;Sexe;diplome_2015#Aucun diplôme ou au plus BEPC, brevet des collèges, DNB;97302 - Cayenne;14537.740234375
2015;Age rgp : -15 ans, 15-24, 25-54, 55-64, 65 ou +;Sexe;diplome_2015#Aucun diplôme ou au plus BEPC, brevet des collèges, DNB;97303 - Iracoubo;480.2560315132141
2016;Age rgp : -15 ans, 15-24, 25-54, 55-64, 65 ou +;Sexe;diplome_2015#Aucun diplôme ou au plus BEPC, brevet des collèges, DNB;97303 - Iracoubo;467.0
2017;Age rgp : -15 ans, 15-24, 25-54, 55-64, 65 ou +;Sexe;diplome_2015#Aucun diplôme ou au plus BEPC, brevet des collèges, DNB;97303 - Iracoubo;460.49661445617676
2018;Age rgp : -15 ans, 15-24, 25-54, 55-64, 65 ou +;Sexe;diplome_2015#Aucun diplôme ou au plus BEPC, brevet des collèges, DNB;97303 - Iracoubo;453.9910054206848
2019;Age rgp : -15 ans, 15-24, 25-54, 55-64, 65 ou +;Sexe;diplome_2015#Aucun diplôme ou au plus BEPC, brevet des collèges, DNB;97303 - Iracoubo;448.3842177391052
2020;Age rgp : -15 ans, 15-24, 25-54, 55-64, 65 ou +;Sexe;diplome_2015#Aucun diplôme ou au plus BEPC, brevet des collèges, DNB;97303 - Iracoubo;436.7918629646301
2021;Age rgp : -15 ans, 15-24, 25-54, 55-64, 65 ou +;Sexe;diplome_2015#Aucun diplôme ou au plus BEPC, brevet des collèges, DNB;97303 - Iracoubo;433.9328284263611
2022;Age rgp : -15 ans, 15-24, 25-54, 55-64, 65 ou +;Sexe;diplome_2015#Aucun diplôme ou au plus BEPC, brevet des collèges, DNB;97303 - Iracoubo;431.0
2015;Age rgp : -15 ans, 15-24, 25-54, 55-64, 65 ou +;Sexe;diplome_2015#Aucun diplôme ou au plus BEPC, brevet des collèges, DNB;97304 - Kourou;6244.457069396973
2016;Age rgp : -15 ans, 15-24, 25-54, 55-64, 65 ou +;Sexe;diplome_2015#Aucun diplôme ou au plus BEPC, brevet des collèges, DNB;97304 - Kourou;6210.1926345825195
2017;Age rgp : -15 ans, 15-24, 25-54, 55-64, 65 ou +;Sexe;diplome_2015#Aucun diplôme ou au plus BEPC, brevet des collèges, DNB;97304 - Kourou;5943.992752075195
2018;Age rgp : -15 ans, 15-24, 25-54, 55-64, 65 ou +;Sexe;diplome_2015#Aucun diplôme ou au plus BEPC, brevet des collèges, DNB;97304 - Kourou;5575.859085083008
2019;Age rgp : -15 ans, 15-24, 25-54, 55-64, 65 ou +;Sexe;diplome_2015#Aucun diplôme ou au plus BEPC, brevet des collèges, DNB;97304 - Kourou;5497.10897064209
2020;Age rgp : -15 ans, 15-24, 25-54, 55-64, 65 ou +;Sexe;diplome_2015#Aucun diplôme ou au plus BEPC, brevet des collèges, DNB;97304 - Kourou;5345.821922302246
2021;Age rgp : -15 ans, 15-24, 25-54, 55-64, 65 ou +;Sexe;diplome_2015#Aucun diplôme ou au plus BEPC, brevet des collèges, DNB;97304 - Kourou;4840.78751373291
2022;Age rgp : -15 ans, 15-24, 25-54, 55-64, 65 ou +;Sexe;diplome_2015#Aucun diplôme ou au plus BEPC, brevet des collèges, DNB;97304 - Kourou;4643.124977111816
2015;Age rgp : -15 ans, 15-24, 25-54, 55-64, 65 ou +;Sexe;diplome_2015#Aucun diplôme ou au plus BEPC, brevet des collèges, DNB;97305 - Macouria;2544.5909996032715
2016;Age rgp : -15 ans, 15-24, 25-54, 55-64, 65 ou +;Sexe;diplome_2015#Aucun diplôme ou au plus BEPC, brevet des collèges, DNB;97305 - Macouria;2689.7842330932617
2017;Age rgp : -15 ans, 15-24, 25-54, 55-64, 65 ou +;Sexe;diplome_2015#Aucun diplôme ou au plus BEPC, brevet des collèges, DNB;97305 - Macouria;2934.192558288574
2018;Age rgp : -15 ans, 15-24, 25-54, 55-64, 65 ou +;Sexe;diplome_2015#Aucun diplôme ou au plus BEPC, brevet des collèges, DNB;97305 - Macouria;3361.564308166504
2019;Age rgp : -15 ans, 15-24, 25-54, 55-64, 65 ou +;Sexe;diplome_2015#Aucun diplôme ou au plus BEPC, brevet des collèges, DNB;97305 - Macouria;3509.647834777832
2020;Age rgp : -15 ans, 15-24, 25-54, 55-64, 65 ou +;Sexe;diplome_2015#Aucun diplôme ou au plus BEPC, brevet des collèges, DNB;97305 - Macouria;3946.491744995117
2021;Age rgp : -15 ans, 15-24, 25-54, 55-64, 65 ou +;Sexe;diplome_2015#Aucun diplôme ou au plus BEPC, brevet des collèges, DNB;97305 - Macouria;4038.6106033325195
2022;Age rgp : -15 ans, 15-24, 25-54, 55-64, 65 ou +;Sexe;diplome_2015#Aucun diplôme ou au plus BEPC, brevet des collèges, DNB;97305 - Macouria;3876.2462005615234
2015;Age rgp : -15 ans, 15-24, 25-54, 55-64, 65 ou +;Sexe;diplome_2015#Aucun diplôme ou au plus BEPC, brevet des collèges, DNB;97306 - Mana;3028.692428588867
2016;Age rgp : -15 ans, 15-24, 25-54, 55-64, 65 ou +;Sexe;diplome_2015#Aucun diplôme ou au plus BEPC, brevet des collèges, DNB;97306 - Mana;3126.0
2017;Age rgp : -15 ans, 15-24, 25-54, 55-64, 65 ou +;Sexe;diplome_2015#Aucun diplôme ou au plus BEPC, brevet des collèges, DNB;97306 - Mana;3223.7271270751953
2018;Age rgp : -15 ans, 15-24, 25-54, 55-64, 65 ou +;Sexe;diplome_2015#Aucun diplôme ou au plus BEPC, brevet des collèges, DNB;97306 - Mana;3325.434226989746
2019;Age rgp : -15 ans, 15-24, 25-54, 55-64, 65 ou +;Sexe;diplome_2015#Aucun diplôme ou au plus BEPC, brevet des collèges, DNB;97306 - Mana;3477.688705444336
2020;Age rgp : -15 ans, 15-24, 25-54, 55-64, 65 ou +;Sexe;diplome_2015#Aucun diplôme ou au plus BEPC, brevet des collèges, DNB;97306 - Mana;3394.2848358154297
2021;Age rgp : -15 ans, 15-24, 25-54, 55-64, 65 ou +;Sexe;diplome_2015#Aucun diplôme ou au plus BEPC, brevet des collèges, DNB;97306 - Mana;3349.1354751586914
2022;Age rgp : -15 ans, 15-24, 25-54, 55-64, 65 ou +;Sexe;diplome_2015#Aucun diplôme ou au plus BEPC, brevet des collèges, DNB;97306 - Mana;3062.1876487731934
2015;Age rgp : -15 ans, 15-24, 25-54, 55-64, 65 ou +;Sexe;diplome_2015#Aucun diplôme ou au plus BEPC, brevet des collèges, DNB;97307 - Matoury;8311.335708618164
2016;Age rgp : -15 ans, 15-24, 25-54, 55-64, 65 ou +;Sexe;diplome_2015#Aucun diplôme ou au plus BEPC, brevet des collèges, DNB;97307 - Matoury;8413.164657592773
2017;Age rgp : -15 ans, 15-24, 25-54, 55-64, 65 ou +;Sexe;diplome_2015#Aucun diplôme ou au plus BEPC, brevet des collèges, DNB;97307 - Matoury;8040.774002075195
2018;Age rgp : -15 ans, 15-24, 25-54, 55-64, 65 ou +;Sexe;diplome_2015#Aucun diplôme ou au plus BEPC, brevet des collèges, DNB;97307 - Matoury;8098.943542480469
2019;Age rgp : -15 ans, 15-24, 25-54, 55-64, 65 ou +;Sexe;diplome_2015#Aucun diplôme ou au plus BEPC, brevet des collèges, DNB;97307 - Matoury;8234.106399536133
2020;Age rgp : -15 ans, 15-24, 25-54, 55-64, 65 ou +;Sexe;diplome_2015#Aucun diplôme ou au plus BEPC, brevet des collèges, DNB;97307 - Matoury;7694.144073486328
2021;Age rgp : -15 ans, 15-24, 25-54, 55-64, 65 ou +;Sexe;diplome_2015#Aucun diplôme ou au plus BEPC, brevet des collèges, DNB;97307 - Matoury;7554.419052124023
2022;Age rgp : -15 ans, 15-24, 25-54, 55-64, 65 ou +;Sexe;diplome_2015#Aucun diplôme ou au plus BEPC, brevet des collèges, DNB;97307 - Matoury;7644.481338500977
2015;Age rgp : -15 ans, 15-24, 25-54, 55-64, 65 ou +;Sexe;diplome_2015#Aucun diplôme ou au plus BEPC, brevet des collèges, DNB;97308 - Saint-Georges;1435.0495376586914
2016;Age rgp : -15 ans, 15-24, 25-54, 55-64, 65 ou +;Sexe;diplome_2015#Aucun diplôme ou au plus BEPC, brevet des collèges, DNB;97308 - Saint-Georges;1455.2032413482666
2017;Age rgp : -15 ans, 15-24, 25-54, 55-64, 65 ou +;Sexe;diplome_2015#Aucun diplôme ou au plus BEPC, brevet des collèges, DNB;97308 - Saint-Georges;1475.0
2018;Age rgp : -15 ans, 15-24, 25-54, 55-64, 65 ou +;Sexe;diplome_2015#Aucun diplôme ou au plus BEPC, brevet des collèges, DNB;97308 - Saint-Georges;1495.3924922943115
2019;Age rgp : -15 ans, 15-24, 25-54, 55-64, 65 ou +;Sexe;diplome_2015#Aucun diplôme ou au plus BEPC, brevet des collèges, DNB;97308 - Saint-Georges;1515.3251762390137
2020;Age rgp : -15 ans, 15-24, 25-54, 55-64, 65 ou +;Sexe;diplome_2015#Aucun diplôme ou au plus BEPC, brevet des collèges, DNB;97308 - Saint-Georges;1535.601469039917
2021;Age rgp : -15 ans, 15-24, 25-54, 55-64, 65 ou +;Sexe;diplome_2015#Aucun diplôme ou au plus BEPC, brevet des collèges, DNB;97308 - Saint-Georges;1525.7831497192383
2022;Age rgp : -15 ans, 15-24, 25-54, 55-64, 65 ou +;Sexe;diplome_2015#Aucun diplôme ou au plus BEPC, brevet des collèges, DNB;97308 - Saint-Georges;1595.3916397094727
2015;Age rgp : -15 ans, 15-24, 25-54, 55-64, 65 ou +;Sexe;diplome_2015#Aucun diplôme ou au plus BEPC, brevet des collèges, DNB;97309 - Remire-Montjoly;4705.001403808594
2016;Age rgp : -15 ans, 15-24, 25-54, 55-64, 65 ou +;Sexe;diplome_2015#Aucun diplôme ou au plus BEPC, brevet des collèges, DNB;97309 - Remire-Montjoly;5193.506889343262
2017;Age rgp : -15 ans, 15-24, 25-54, 55-64, 65 ou +;Sexe;diplome_2015#Aucun diplôme ou au plus BEPC, brevet des collèges, DNB;97309 - Remire-Montjoly;4856.561935424805
2018;Age rgp : -15 ans, 15-24, 25-54, 55-64, 65 ou +;Sexe;diplome_2015#Aucun diplôme ou au plus BEPC, brevet des collèges, DNB;97309 - Remire-Montjoly;4956.090782165527
2019;Age rgp : -15 ans, 15-24, 25-54, 55-64, 65 ou +;Sexe;diplome_2015#Aucun diplôme ou au plus BEPC, brevet des collèges, DNB;97309 - Remire-Montjoly;4988.340644836426
2020;Age rgp : -15 ans, 15-24, 25-54, 55-64, 65 ou +;Sexe;diplome_2015#Aucun diplôme ou au plus BEPC, brevet des collèges, DNB;97309 - Remire-Montjoly;3880.98201751709
2021;Age rgp : -15 ans, 15-24, 25-54, 55-64, 65 ou +;Sexe;diplome_2015#Aucun diplôme ou au plus BEPC, brevet des collèges, DNB;97309 - Remire-Montjoly;4183.56770324707
2022;Age rgp : -15 ans, 15-24, 25-54, 55-64, 65 ou +;Sexe;diplome_2015#Aucun diplôme ou au plus BEPC, brevet des collèges, DNB;97309 - Remire-Montjoly;4027.6526412963867
2015;Age rgp : -15 ans, 15-24, 25-54, 55-64, 65 ou +;Sexe;diplome_2015#Aucun diplôme ou au plus BEPC, brevet des collèges, DNB;97310 - Roura;1037.2134132385254
2016;Age rgp : -15 ans, 15-24, 25-54, 55-64, 65 ou +;Sexe;diplome_2015#Aucun diplôme ou au plus BEPC, brevet des collèges, DNB;97310 - Roura;1081.850185394287
2017;Age rgp : -15 ans, 15-24, 25-54, 55-64, 65 ou +;Sexe;diplome_2015#Aucun diplôme ou au plus BEPC, brevet des collèges, DNB;97310 - Roura;1026.7711839675903
2018;Age rgp : -15 ans, 15-24, 25-54, 55-64, 65 ou +;Sexe;diplome_2015#Aucun diplôme ou au plus BEPC, brevet des collèges, DNB;97310 - Roura;758.3966751098633
2019;Age rgp : -15 ans, 15-24, 25-54, 55-64, 65 ou +;Sexe;diplome_2015#Aucun diplôme ou au plus BEPC, brevet des collèges, DNB;97310 - Roura;951.7825746536255
2020;Age rgp : -15 ans, 15-24, 25-54, 55-64, 65 ou +;Sexe;diplome_2015#Aucun diplôme ou au plus BEPC, brevet des collèges, DNB;97310 - Roura;942.7017688751221
2021;Age rgp : -15 ans, 15-24, 25-54, 55-64, 65 ou +;Sexe;diplome_2015#Aucun diplôme ou au plus BEPC, brevet des collèges, DNB;97310 - Roura;932.5134506225586
2022;Age rgp : -15 ans, 15-24, 25-54, 55-64, 65 ou +;Sexe;diplome_2015#Aucun diplôme ou au plus BEPC, brevet des collèges, DNB;97310 - Roura;922.605619430542
2015;Age rgp : -15 ans, 15-24, 25-54, 55-64, 65 ou +;Sexe;diplome_2015#Aucun diplôme ou au plus BEPC, brevet des collèges, DNB;97311 - Saint-Laurent-du-Maroni;12454.523406982422
2016;Age rgp : -15 ans, 15-24, 25-54, 55-64, 65 ou +;Sexe;diplome_2015#Aucun diplôme ou au plus BEPC, brevet des collèges, DNB;97311 - Saint-Laurent-du-Maroni;12102.144149780273
2017;Age rgp : -15 ans, 15-24, 25-54, 55-64, 65 ou +;Sexe;diplome_2015#Aucun diplôme ou au plus BEPC, brevet des collèges, DNB;97311 - Saint-Laurent-du-Maroni;10453.840072631836
2018;Age rgp : -15 ans, 15-24, 25-54, 55-64, 65 ou +;Sexe;diplome_2015#Aucun diplôme ou au plus BEPC, brevet des collèges, DNB;97311 - Saint-Laurent-du-Maroni;10856.784942626953
2019;Age rgp : -15 ans, 15-24, 25-54, 55-64, 65 ou +;Sexe;diplome_2015#Aucun diplôme ou au plus BEPC, brevet des collèges, DNB;97311 - Saint-Laurent-du-Maroni;11410.675506591797
2020;Age rgp : -15 ans, 15-24, 25-54, 55-64, 65 ou +;Sexe;diplome_2015#Aucun diplôme ou au plus BEPC, brevet des collèges, DNB;97311 - Saint-Laurent-du-Maroni;12052.612670898438
2021;Age rgp : -15 ans, 15-24, 25-54, 55-64, 65 ou +;Sexe;diplome_2015#Aucun diplôme ou au plus BEPC, brevet des collèges, DNB;97311 - Saint-Laurent-du-Maroni;12151.135955810547
2022;Age rgp : -15 ans, 15-24, 25-54, 55-64, 65 ou +;Sexe;diplome_2015#Aucun diplôme ou au plus BEPC, brevet des collèges, DNB;97311 - Saint-Laurent-du-Maroni;11501.664825439453
2015;Age rgp : -15 ans, 15-24, 25-54, 55-64, 65 ou +;Sexe;diplome_2015#Aucun diplôme ou au plus BEPC, brevet des collèges, DNB;97312 - Sinnamary;863.235800743103
2016;Age rgp : -15 ans, 15-24, 25-54, 55-64, 65 ou +;Sexe;diplome_2015#Aucun diplôme ou au plus BEPC, brevet des collèges, DNB;97312 - Sinnamary;648.5484561920166
2017;Age rgp : -15 ans, 15-24, 25-54, 55-64, 65 ou +;Sexe;diplome_2015#Aucun diplôme ou au plus BEPC, brevet des collèges, DNB;97312 - Sinnamary;643.2742319107056
2018;Age rgp : -15 ans, 15-24, 25-54, 55-64, 65 ou +;Sexe;diplome_2015#Aucun diplôme ou au plus BEPC, brevet des collèges, DNB;97312 - Sinnamary;638.0
2019;Age rgp : -15 ans, 15-24, 25-54, 55-64, 65 ou +;Sexe;diplome_2015#Aucun diplôme ou au plus BEPC, brevet des collèges, DNB;97312 - Sinnamary;634.8470106124878
2020;Age rgp : -15 ans, 15-24, 25-54, 55-64, 65 ou +;Sexe;diplome_2015#Aucun diplôme ou au plus BEPC, brevet des collèges, DNB;97312 - Sinnamary;631.6674728393555
2021;Age rgp : -15 ans, 15-24, 25-54, 55-64, 65 ou +;Sexe;diplome_2015#Aucun diplôme ou au plus BEPC, brevet des collèges, DNB;97312 - Sinnamary;627.5115118026733
2022;Age rgp : -15 ans, 15-24, 25-54, 55-64, 65 ou +;Sexe;diplome_2015#Aucun diplôme ou au plus BEPC, brevet des collèges, DNB;97312 - Sinnamary;632.2980251312256
2015;Age rgp : -15 ans, 15-24, 25-54, 55-64, 65 ou +;Sexe;diplome_2015#Aucun diplôme ou au plus BEPC, brevet des collèges, DNB;97313 - Montsinéry-Tonnegrande;589.0
2016;Age rgp : -15 ans, 15-24, 25-54, 55-64, 65 ou +;Sexe;diplome_2015#Aucun diplôme ou au plus BEPC, brevet des collèges, DNB;97313 - Montsinéry-Tonnegrande;602.5581426620483
2017;Age rgp : -15 ans, 15-24, 25-54, 55-64, 65 ou +;Sexe;diplome_2015#Aucun diplôme ou au plus BEPC, brevet des collèges, DNB;97313 - Montsinéry-Tonnegrande;616.5921945571899
2018;Age rgp : -15 ans, 15-24, 25-54, 55-64, 65 ou +;Sexe;diplome_2015#Aucun diplôme ou au plus BEPC, brevet des collèges, DNB;97313 - Montsinéry-Tonnegrande;444.79083251953125
2019;Age rgp : -15 ans, 15-24, 25-54, 55-64, 65 ou +;Sexe;diplome_2015#Aucun diplôme ou au plus BEPC, brevet des collèges, DNB;97313 - Montsinéry-Tonnegrande;474.4756426811218
2020;Age rgp : -15 ans, 15-24, 25-54, 55-64, 65 ou +;Sexe;diplome_2015#Aucun diplôme ou au plus BEPC, brevet des collèges, DNB;97313 - Montsinéry-Tonnegrande;504.0
2021;Age rgp : -15 ans, 15-24, 25-54, 55-64, 65 ou +;Sexe;diplome_2015#Aucun diplôme ou au plus BEPC, brevet des collèges, DNB;97313 - Montsinéry-Tonnegrande;528.8221788406372
2022;Age rgp : -15 ans, 15-24, 25-54, 55-64, 65 ou +;Sexe;diplome_2015#Aucun diplôme ou au plus BEPC, brevet des collèges, DNB;97313 - Montsinéry-Tonnegrande;554.9393577575684
2015;Age rgp : -15 ans, 15-24, 25-54, 55-64, 65 ou +;Sexe;diplome_2015#Aucun diplôme ou au plus BEPC, brevet des collèges, DNB;97314 - Ouanary;49.49999928474426
2016;Age rgp : -15 ans, 15-24, 25-54, 55-64, 65 ou +;Sexe;diplome_2015#Aucun diplôme ou au plus BEPC, brevet des collèges, DNB;97314 - Ouanary;54.60000157356262
2017;Age rgp : -15 ans, 15-24, 25-54, 55-64, 65 ou +;Sexe;diplome_2015#Aucun diplôme ou au plus BEPC, brevet des collèges, DNB;97314 - Ouanary;60.0
2018;Age rgp : -15 ans, 15-24, 25-54, 55-64, 65 ou +;Sexe;diplome_2015#Aucun diplôme ou au plus BEPC, brevet des collèges, DNB;97314 - Ouanary;66.00000047683716
2019;Age rgp : -15 ans, 15-24, 25-54, 55-64, 65 ou +;Sexe;diplome_2015#Aucun diplôme ou au plus BEPC, brevet des collèges, DNB;97314 - Ouanary;72.60000228881836
2020;Age rgp : -15 ans, 15-24, 25-54, 55-64, 65 ou +;Sexe;diplome_2015#Aucun diplôme ou au plus BEPC, brevet des collèges, DNB;97314 - Ouanary;79.80000162124634
2021;Age rgp : -15 ans, 15-24, 25-54, 55-64, 65 ou +;Sexe;diplome_2015#Aucun diplôme ou au plus BEPC, brevet des collèges, DNB;97314 - Ouanary;64.46976220607758
2022;Age rgp : -15 ans, 15-24, 25-54, 55-64, 65 ou +;Sexe;diplome_2015#Aucun diplôme ou au plus BEPC, brevet des collèges, DNB;97314 - Ouanary;51.60589003562927
2015;Age rgp : -15 ans, 15-24, 25-54, 55-64, 65 ou +;Sexe;diplome_2015#Aucun diplôme ou au plus BEPC, brevet des collèges, DNB;97352 - Saül;21.71052610874176
2016;Age rgp : -15 ans, 15-24, 25-54, 55-64, 65 ou +;Sexe;diplome_2015#Aucun diplôme ou au plus BEPC, brevet des collèges, DNB;97352 - Saül;21.855263710021973
2017;Age rgp : -15 ans, 15-24, 25-54, 55-64, 65 ou +;Sexe;diplome_2015#Aucun diplôme ou au plus BEPC, brevet des collèges, DNB;97352 - Saül;22.0
2018;Age rgp : -15 ans, 15-24, 25-54, 55-64, 65 ou +;Sexe;diplome_2015#Aucun diplôme ou au plus BEPC, brevet des collèges, DNB;97352 - Saül;22.0
2019;Age rgp : -15 ans, 15-24, 25-54, 55-64, 65 ou +;Sexe;diplome_2015#Aucun diplôme ou au plus BEPC, brevet des collèges, DNB;97352 - Saül;22.0
2020;Age rgp : -15 ans, 15-24, 25-54, 55-64, 65 ou +;Sexe;diplome_2015#Aucun diplôme ou au plus BEPC, brevet des collèges, DNB;97352 - Saül;22.144736289978027
2021;Age rgp : -15 ans, 15-24, 25-54, 55-64, 65 ou +;Sexe;diplome_2015#Aucun diplôme ou au plus BEPC, brevet des collèges, DNB;97352 - Saül;97.90875339508057
2022;Age rgp : -15 ans, 15-24, 25-54, 55-64, 65 ou +;Sexe;diplome_2015#Aucun diplôme ou au plus BEPC, brevet des collèges, DNB;97352 - Saül;92.95492601394653
2015;Age rgp : -15 ans, 15-24, 25-54, 55-64, 65 ou +;Sexe;diplome_2015#Aucun diplôme ou au plus BEPC, brevet des collèges, DNB;97353 - Maripasoula;6546.6293296813965
2016;Age rgp : -15 ans, 15-24, 25-54, 55-64, 65 ou +;Sexe;diplome_2015#Aucun diplôme ou au plus BEPC, brevet des collèges, DNB;97353 - Maripasoula;7066.921516418457
2017;Age rgp : -15 ans, 15-24, 25-54, 55-64, 65 ou +;Sexe;diplome_2015#Aucun diplôme ou au plus BEPC, brevet des collèges, DNB;97353 - Maripasoula;6902.32958984375
2018;Age rgp : -15 ans, 15-24, 25-54, 55-64, 65 ou +;Sexe;diplome_2015#Aucun diplôme ou au plus BEPC, brevet des collèges, DNB;97353 - Maripasoula;6274.210905075073
2019;Age rgp : -15 ans, 15-24, 25-54, 55-64, 65 ou +;Sexe;diplome_2015#Aucun diplôme ou au plus BEPC, brevet des collèges, DNB;97353 - Maripasoula;6135.950067520142
2020;Age rgp : -15 ans, 15-24, 25-54, 55-64, 65 ou +;Sexe;diplome_2015#Aucun diplôme ou au plus BEPC, brevet des collèges, DNB;97353 - Maripasoula;4010.9911556243896
2021;Age rgp : -15 ans, 15-24, 25-54, 55-64, 65 ou +;Sexe;diplome_2015#Aucun diplôme ou au plus BEPC, brevet des collèges, DNB;97353 - Maripasoula;3826.8344650268555
2022;Age rgp : -15 ans, 15-24, 25-54, 55-64, 65 ou +;Sexe;diplome_2015#Aucun diplôme ou au plus BEPC, brevet des collèges, DNB;97353 - Maripasoula;3466.3807487487793
2015;Age rgp : -15 ans, 15-24, 25-54, 55-64, 65 ou +;Sexe;diplome_2015#Aucun diplôme ou au plus BEPC, brevet des collèges, DNB;97356 - Camopi;730.1331167221069
2016;Age rgp : -15 ans, 15-24, 25-54, 55-64, 65 ou +;Sexe;diplome_2015#Aucun diplôme ou au plus BEPC, brevet des collèges, DNB;97356 - Camopi;737.5665626525879
2017;Age rgp : -15 ans, 15-24, 25-54, 55-64, 65 ou +;Sexe;diplome_2015#Aucun diplôme ou au plus BEPC, brevet des collèges, DNB;97356 - Camopi;745.0
2018;Age rgp : -15 ans, 15-24, 25-54, 55-64, 65 ou +;Sexe;diplome_2015#Aucun diplôme ou au plus BEPC, brevet des collèges, DNB;97356 - Camopi;756.9762029647827
2019;Age rgp : -15 ans, 15-24, 25-54, 55-64, 65 ou +;Sexe;diplome_2015#Aucun diplôme ou au plus BEPC, brevet des collèges, DNB;97356 - Camopi;769.3940782546997
2020;Age rgp : -15 ans, 15-24, 25-54, 55-64, 65 ou +;Sexe;diplome_2015#Aucun diplôme ou au plus BEPC, brevet des collèges, DNB;97356 - Camopi;781.8200693130493
2021;Age rgp : -15 ans, 15-24, 25-54, 55-64, 65 ou +;Sexe;diplome_2015#Aucun diplôme ou au plus BEPC, brevet des collèges, DNB;97356 - Camopi;896.5859069824219
2022;Age rgp : -15 ans, 15-24, 25-54, 55-64, 65 ou +;Sexe;diplome_2015#Aucun diplôme ou au plus BEPC, brevet des collèges, DNB;97356 - Camopi;911.1036157608032
2015;Age rgp : -15 ans, 15-24, 25-54, 55-64, 65 ou +;Sexe;diplome_2015#Aucun diplôme ou au plus BEPC, brevet des collèges, DNB;97357 - Grand-Santi;2601.0
2016;Age rgp : -15 ans, 15-24, 25-54, 55-64, 65 ou +;Sexe;diplome_2015#Aucun diplôme ou au plus BEPC, brevet des collèges, DNB;97357 - Grand-Santi;2772.3099269866943
2017;Age rgp : -15 ans, 15-24, 25-54, 55-64, 65 ou +;Sexe;diplome_2015#Aucun diplôme ou au plus BEPC, brevet des collèges, DNB;97357 - Grand-Santi;2955.189838409424
2018;Age rgp : -15 ans, 15-24, 25-54, 55-64, 65 ou +;Sexe;diplome_2015#Aucun diplôme ou au plus BEPC, brevet des collèges, DNB;97357 - Grand-Santi;3758.7432250976562
2019;Age rgp : -15 ans, 15-24, 25-54, 55-64, 65 ou +;Sexe;diplome_2015#Aucun diplôme ou au plus BEPC, brevet des collèges, DNB;97357 - Grand-Santi;3795.0305786132812
2020;Age rgp : -15 ans, 15-24, 25-54, 55-64, 65 ou +;Sexe;diplome_2015#Aucun diplôme ou au plus BEPC, brevet des collèges, DNB;97357 - Grand-Santi;3828.2636070251465
2021;Age rgp : -15 ans, 15-24, 25-54, 55-64, 65 ou +;Sexe;diplome_2015#Aucun diplôme ou au plus BEPC, brevet des collèges, DNB;97357 - Grand-Santi;3929.974853515625
2022;Age rgp : -15 ans, 15-24, 25-54, 55-64, 65 ou +;Sexe;diplome_2015#Aucun diplôme ou au plus BEPC, brevet des collèges, DNB;97357 - Grand-Santi;4035.2846488952637
2015;Age rgp : -15 ans, 15-24, 25-54, 55-64, 65 ou +;Sexe;diplome_2015#Aucun diplôme ou au plus BEPC, brevet des collèges, DNB;97358 - Saint-Élie;70.29999911785126
2016;Age rgp : -15 ans, 15-24, 25-54, 55-64, 65 ou +;Sexe;diplome_2015#Aucun diplôme ou au plus BEPC, brevet des collèges, DNB;97358 - Saint-Élie;57.39442205429077
2017;Age rgp : -15 ans, 15-24, 25-54, 55-64, 65 ou +;Sexe;diplome_2015#Aucun diplôme ou au plus BEPC, brevet des collèges, DNB;97358 - Saint-Élie;94.53011989593506
2018;Age rgp : -15 ans, 15-24, 25-54, 55-64, 65 ou +;Sexe;diplome_2015#Aucun diplôme ou au plus BEPC, brevet des collèges, DNB;97358 - Saint-Élie;84.25024217367172
2019;Age rgp : -15 ans, 15-24, 25-54, 55-64, 65 ou +;Sexe;diplome_2015#Aucun diplôme ou au plus BEPC, brevet des collèges, DNB;97358 - Saint-Élie;96.45555686950684
2020;Age rgp : -15 ans, 15-24, 25-54, 55-64, 65 ou +;Sexe;diplome_2015#Aucun diplôme ou au plus BEPC, brevet des collèges, DNB;97358 - Saint-Élie;95.30086582899094
2021;Age rgp : -15 ans, 15-24, 25-54, 55-64, 65 ou +;Sexe;diplome_2015#Aucun diplôme ou au plus BEPC, brevet des collèges, DNB;97358 - Saint-Élie;94.14604651927948
2022;Age rgp : -15 ans, 15-24, 25-54, 55-64, 65 ou +;Sexe;diplome_2015#Aucun diplôme ou au plus BEPC, brevet des collèges, DNB;97358 - Saint-Élie;109.78737550973892
2015;Age rgp : -15 ans, 15-24, 25-54, 55-64, 65 ou +;Sexe;diplome_2015#Aucun diplôme ou au plus BEPC, brevet des collèges, DNB;97360 - Apatou;3266.0
2016;Age rgp : -15 ans, 15-24, 25-54, 55-64, 65 ou +;Sexe;diplome_2015#Aucun diplôme ou au plus BEPC, brevet des collèges, DNB;97360 - Apatou;3419.015068054199
2017;Age rgp : -15 ans, 15-24, 25-54, 55-64, 65 ou +;Sexe;diplome_2015#Aucun diplôme ou au plus BEPC, brevet des collèges, DNB;97360 - Apatou;3579.7777061462402
2018;Age rgp : -15 ans, 15-24, 25-54, 55-64, 65 ou +;Sexe;diplome_2015#Aucun diplôme ou au plus BEPC, brevet des collèges, DNB;97360 - Apatou;3073.060707092285
2019;Age rgp : -15 ans, 15-24, 25-54, 55-64, 65 ou +;Sexe;diplome_2015#Aucun diplôme ou au plus BEPC, brevet des collèges, DNB;97360 - Apatou;3104.1940574645996
2020;Age rgp : -15 ans, 15-24, 25-54, 55-64, 65 ou +;Sexe;diplome_2015#Aucun diplôme ou au plus BEPC, brevet des collèges, DNB;97360 - Apatou;3135.0
2021;Age rgp : -15 ans, 15-24, 25-54, 55-64, 65 ou +;Sexe;diplome_2015#Aucun diplôme ou au plus BEPC, brevet des collèges, DNB;97360 - Apatou;3204.591972351074
2022;Age rgp : -15 ans, 15-24, 25-54, 55-64, 65 ou +;Sexe;diplome_2015#Aucun diplôme ou au plus BEPC, brevet des collèges, DNB;97360 - Apatou;3275.913803100586
2015;Age rgp : -15 ans, 15-24, 25-54, 55-64, 65 ou +;Sexe;diplome_2015#Aucun diplôme ou au plus BEPC, brevet des collèges, DNB;97361 - Awala-Yalimapo;403.8964810371399
2016;Age rgp : -15 ans, 15-24, 25-54, 55-64, 65 ou +;Sexe;diplome_2015#Aucun diplôme ou au plus BEPC, brevet des collèges, DNB;97361 - Awala-Yalimapo;408.0
2017;Age rgp : -15 ans, 15-24, 25-54, 55-64, 65 ou +;Sexe;diplome_2015#Aucun diplôme ou au plus BEPC, brevet des collèges, DNB;97361 - Awala-Yalimapo;413.27592515945435
2018;Age rgp : -15 ans, 15-24, 25-54, 55-64, 65 ou +;Sexe;diplome_2015#Aucun diplôme ou au plus BEPC, brevet des collèges, DNB;97361 - Awala-Yalimapo;418.84479236602783
2019;Age rgp : -15 ans, 15-24, 25-54, 55-64, 65 ou +;Sexe;diplome_2015#Aucun diplôme ou au plus BEPC, brevet des collèges, DNB;97361 - Awala-Yalimapo;424.5365891456604
2020;Age rgp : -15 ans, 15-24, 25-54, 55-64, 65 ou +;Sexe;diplome_2015#Aucun diplôme ou au plus BEPC, brevet des collèges, DNB;97361 - Awala-Yalimapo;360.9956703186035
2021;Age rgp : -15 ans, 15-24, 25-54, 55-64, 65 ou +;Sexe;diplome_2015#Aucun diplôme ou au plus BEPC, brevet des collèges, DNB;97361 - Awala-Yalimapo;368.6183452606201
2022;Age rgp : -15 ans, 15-24, 25-54, 55-64, 65 ou +;Sexe;diplome_2015#Aucun diplôme ou au plus BEPC, brevet des collèges, DNB;97361 - Awala-Yalimapo;376.0
2015;Age rgp : -15 ans, 15-24, 25-54, 55-64, 65 ou +;Sexe;diplome_2015#Aucun diplôme ou au plus BEPC, brevet des collèges, DNB;97362 - Papaichton;4316.386026382446
2016;Age rgp : -15 ans, 15-24, 25-54, 55-64, 65 ou +;Sexe;diplome_2015#Aucun diplôme ou au plus BEPC, brevet des collèges, DNB;97362 - Papaichton;4772.743974685669
2017;Age rgp : -15 ans, 15-24, 25-54, 55-64, 65 ou +;Sexe;diplome_2015#Aucun diplôme ou au plus BEPC, brevet des collèges, DNB;97362 - Papaichton;3643.6908893585205
2018;Age rgp : -15 ans, 15-24, 25-54, 55-64, 65 ou +;Sexe;diplome_2015#Aucun diplôme ou au plus BEPC, brevet des collèges, DNB;97362 - Papaichton;3470.5660762786865
2019;Age rgp : -15 ans, 15-24, 25-54, 55-64, 65 ou +;Sexe;diplome_2015#Aucun diplôme ou au plus BEPC, brevet des collèges, DNB;97362 - Papaichton;3298.0
2020;Age rgp : -15 ans, 15-24, 25-54, 55-64, 65 ou +;Sexe;diplome_2015#Aucun diplôme ou au plus BEPC, brevet des collèges, DNB;97362 - Papaichton;3286.0529460906982
2021;Age rgp : -15 ans, 15-24, 25-54, 55-64, 65 ou +;Sexe;diplome_2015#Aucun diplôme ou au plus BEPC, brevet des collèges, DNB;97362 - Papaichton;3272.2534351348877
2022;Age rgp : -15 ans, 15-24, 25-54, 55-64, 65 ou +;Sexe;diplome_2015#Aucun diplôme ou au plus BEPC, brevet des collèges, DNB;97362 - Papaichton;3258.7764110565186

Date_RP#Annee;Age_nonScolarise#age_m15_1524_2554_5564_65plus;Sexe_nonScolarise#sexe;Diplome_lePlusEleve_RP#diplome_2015;Lieu_domicile#Regions_France_2017;Nombre_de_personnes_sorties_du_systeme_scolaire_selon_le_diplôme__par_âge_et_ou_genre__0
;15-24 ans§25-54 ans§55-64 ans;masculin§feminin;Aucun diplôme ou au plus BEPC, brevet des collèges, DNB;;
2015;Age rgp : -15 ans, 15-24, 25-54, 55-64, 65 ou +;Sexe;diplome_2015#Aucun diplôme ou au plus BEPC, brevet des collèges, DNB;Auvergne-Rhône-Alpes;847014.5884857774
2016;Age rgp : -15 ans, 15-24, 25-54, 55-64, 65 ou +;Sexe;diplome_2015#Aucun diplôme ou au plus BEPC, brevet des collèges, DNB;Auvergne-Rhône-Alpes;803564.7260859311
2017;Age rgp : -15 ans, 15-24, 25-54, 55-64, 65 ou +;Sexe;diplome_2015#Aucun diplôme ou au plus BEPC, brevet des collèges, DNB;Auvergne-Rhône-Alpes;760289.3534775674
2018;Age rgp : -15 ans, 15-24, 25-54, 55-64, 65 ou +;Sexe;diplome_2015#Aucun diplôme ou au plus BEPC, brevet des collèges, DNB;Auvergne-Rhône-Alpes;729590.9801276326
2019;Age rgp : -15 ans, 15-24, 25-54, 55-64, 65 ou +;Sexe;diplome_2015#Aucun diplôme ou au plus BEPC, brevet des collèges, DNB;Auvergne-Rhône-Alpes;733643.9607245028
2020;Age rgp : -15 ans, 15-24, 25-54, 55-64, 65 ou +;Sexe;diplome_2015#Aucun diplôme ou au plus BEPC, brevet des collèges, DNB;Auvergne-Rhône-Alpes;698322.6859375834
2021;Age rgp : -15 ans, 15-24, 25-54, 55-64, 65 ou +;Sexe;diplome_2015#Aucun diplôme ou au plus BEPC, brevet des collèges, DNB;Auvergne-Rhône-Alpes;674074.9924007356
2022;Age rgp : -15 ans, 15-24, 25-54, 55-64, 65 ou +;Sexe;diplome_2015#Aucun diplôme ou au plus BEPC, brevet des collèges, DNB;Auvergne-Rhône-Alpes;658215.0757591128
2015;Age rgp : -15 ans, 15-24, 25-54, 55-64, 65 ou +;Sexe;diplome_2015#Aucun diplôme ou au plus BEPC, brevet des collèges, DNB;Bourgogne-Franche-Comté;341485.1817010641
2016;Age rgp : -15 ans, 15-24, 25-54, 55-64, 65 ou +;Sexe;diplome_2015#Aucun diplôme ou au plus BEPC, brevet des collèges, DNB;Bourgogne-Franche-Comté;322277.58935695887
2017;Age rgp : -15 ans, 15-24, 25-54, 55-64, 65 ou +;Sexe;diplome_2015#Aucun diplôme ou au plus BEPC, brevet des collèges, DNB;Bourgogne-Franche-Comté;302983.2873042226
2018;Age rgp : -15 ans, 15-24, 25-54, 55-64, 65 ou +;Sexe;diplome_2015#Aucun diplôme ou au plus BEPC, brevet des collèges, DNB;Bourgogne-Franche-Comté;291038.2565217018
2019;Age rgp : -15 ans, 15-24, 25-54, 55-64, 65 ou +;Sexe;diplome_2015#Aucun diplôme ou au plus BEPC, brevet des collèges, DNB;Bourgogne-Franche-Comté;290534.62595385313
2020;Age rgp : -15 ans, 15-24, 25-54, 55-64, 65 ou +;Sexe;diplome_2015#Aucun diplôme ou au plus BEPC, brevet des collèges, DNB;Bourgogne-Franche-Comté;278588.86407506466
2021;Age rgp : -15 ans, 15-24, 25-54, 55-64, 65 ou +;Sexe;diplome_2015#Aucun diplôme ou au plus BEPC, brevet des collèges, DNB;Bourgogne-Franche-Comté;267160.5401015878
2022;Age rgp : -15 ans, 15-24, 25-54, 55-64, 65 ou +;Sexe;diplome_2015#Aucun diplôme ou au plus BEPC, brevet des collèges, DNB;Bourgogne-Franche-Comté;258803.24596384168
2015;Age rgp : -15 ans, 15-24, 25-54, 55-64, 65 ou +;Sexe;diplome_2015#Aucun diplôme ou au plus BEPC, brevet des collèges, DNB;Bretagne;279800.69741666317
2016;Age rgp : -15 ans, 15-24, 25-54, 55-64, 65 ou +;Sexe;diplome_2015#Aucun diplôme ou au plus BEPC, brevet des collèges, DNB;Bretagne;261749.90089654922
2017;Age rgp : -15 ans, 15-24, 25-54, 55-64, 65 ou +;Sexe;diplome_2015#Aucun diplôme ou au plus BEPC, brevet des collèges, DNB;Bretagne;245005.98505687714
2018;Age rgp : -15 ans, 15-24, 25-54, 55-64, 65 ou +;Sexe;diplome_2015#Aucun diplôme ou au plus BEPC, brevet des collèges, DNB;Bretagne;233671.2622461319
2019;Age rgp : -15 ans, 15-24, 25-54, 55-64, 65 ou +;Sexe;diplome_2015#Aucun diplôme ou au plus BEPC, brevet des collèges, DNB;Bretagne;234911.56073373556
2020;Age rgp : -15 ans, 15-24, 25-54, 55-64, 65 ou +;Sexe;diplome_2015#Aucun diplôme ou au plus BEPC, brevet des collèges, DNB;Bretagne;222976.68303990364
2021;Age rgp : -15 ans, 15-24, 25-54, 55-64, 65 ou +;Sexe;diplome_2015#Aucun diplôme ou au plus BEPC, brevet des collèges, DNB;Bretagne;213810.41453897953
2022;Age rgp : -15 ans, 15-24, 25-54, 55-64, 65 ou +;Sexe;diplome_2015#Aucun diplôme ou au plus BEPC, brevet des collèges, DNB;Bretagne;206632.41942805052
2015;Age rgp : -15 ans, 15-24, 25-54, 55-64, 65 ou +;Sexe;diplome_2015#Aucun diplôme ou au plus BEPC, brevet des collèges, DNB;Centre-Val de Loire;307981.02402061224
2016;Age rgp : -15 ans, 15-24, 25-54, 55-64, 65 ou +;Sexe;diplome_2015#Aucun diplôme ou au plus BEPC, brevet des collèges, DNB;Centre-Val de Loire;290567.5523919463
2017;Age rgp : -15 ans, 15-24, 25-54, 55-64, 65 ou +;Sexe;diplome_2015#Aucun diplôme ou au plus BEPC, brevet des collèges, DNB;Centre-Val de Loire;274854.2449654341
2018;Age rgp : -15 ans, 15-24, 25-54, 55-64, 65 ou +;Sexe;diplome_2015#Aucun diplôme ou au plus BEPC, brevet des collèges, DNB;Centre-Val de Loire;261815.97917544842
2019;Age rgp : -15 ans, 15-24, 25-54, 55-64, 65 ou +;Sexe;diplome_2015#Aucun diplôme ou au plus BEPC, brevet des collèges, DNB;Centre-Val de Loire;261964.89035892487
2020;Age rgp : -15 ans, 15-24, 25-54, 55-64, 65 ou +;Sexe;diplome_2015#Aucun diplôme ou au plus BEPC, brevet des collèges, DNB;Centre-Val de Loire;253351.41190898418
2021;Age rgp : -15 ans, 15-24, 25-54, 55-64, 65 ou +;Sexe;diplome_2015#Aucun diplôme ou au plus BEPC, brevet des collèges, DNB;Centre-Val de Loire;244276.3071540296
2022;Age rgp : -15 ans, 15-24, 25-54, 55-64, 65 ou +;Sexe;diplome_2015#Aucun diplôme ou au plus BEPC, brevet des collèges, DNB;Centre-Val de Loire;238551.70279571414
2015;Age rgp : -15 ans, 15-24, 25-54, 55-64, 65 ou +;Sexe;diplome_2015#Aucun diplôme ou au plus BEPC, brevet des collèges, DNB;Corse;48921.4179674387
2016;Age rgp : -15 ans, 15-24, 25-54, 55-64, 65 ou +;Sexe;diplome_2015#Aucun diplôme ou au plus BEPC, brevet des collèges, DNB;Corse;46379.9184628129
2017;Age rgp : -15 ans, 15-24, 25-54, 55-64, 65 ou +;Sexe;diplome_2015#Aucun diplôme ou au plus BEPC, brevet des collèges, DNB;Corse;44312.66899776459
2018;Age rgp : -15 ans, 15-24, 25-54, 55-64, 65 ou +;Sexe;diplome_2015#Aucun diplôme ou au plus BEPC, brevet des collèges, DNB;Corse;42208.08870828152
2019;Age rgp : -15 ans, 15-24, 25-54, 55-64, 65 ou +;Sexe;diplome_2015#Aucun diplôme ou au plus BEPC, brevet des collèges, DNB;Corse;42511.78114819527
2020;Age rgp : -15 ans, 15-24, 25-54, 55-64, 65 ou +;Sexe;diplome_2015#Aucun diplôme ou au plus BEPC, brevet des collèges, DNB;Corse;40565.044068694115
2021;Age rgp : -15 ans, 15-24, 25-54, 55-64, 65 ou +;Sexe;diplome_2015#Aucun diplôme ou au plus BEPC, brevet des collèges, DNB;Corse;39589.26524603367
2022;Age rgp : -15 ans, 15-24, 25-54, 55-64, 65 ou +;Sexe;diplome_2015#Aucun diplôme ou au plus BEPC, brevet des collèges, DNB;Corse;38597.40944606066
2015;Age rgp : -15 ans, 15-24, 25-54, 55-64, 65 ou +;Sexe;diplome_2015#Aucun diplôme ou au plus BEPC, brevet des collèges, DNB;Grand Est;694030.5159518123
2016;Age rgp : -15 ans, 15-24, 25-54, 55-64, 65 ou +;Sexe;diplome_2015#Aucun diplôme ou au plus BEPC, brevet des collèges, DNB;Grand Est;654565.6210227907
2017;Age rgp : -15 ans, 15-24, 25-54, 55-64, 65 ou +;Sexe;diplome_2015#Aucun diplôme ou au plus BEPC, brevet des collèges, DNB;Grand Est;615427.9881745577
2018;Age rgp : -15 ans, 15-24, 25-54, 55-64, 65 ou +;Sexe;diplome_2015#Aucun diplôme ou au plus BEPC, brevet des collèges, DNB;Grand Est;588826.4369807243
2019;Age rgp : -15 ans, 15-24, 25-54, 55-64, 65 ou +;Sexe;diplome_2015#Aucun diplôme ou au plus BEPC, brevet des collèges, DNB;Grand Est;589114.1147923768
2020;Age rgp : -15 ans, 15-24, 25-54, 55-64, 65 ou +;Sexe;diplome_2015#Aucun diplôme ou au plus BEPC, brevet des collèges, DNB;Grand Est;569110.4886696637
2021;Age rgp : -15 ans, 15-24, 25-54, 55-64, 65 ou +;Sexe;diplome_2015#Aucun diplôme ou au plus BEPC, brevet des collèges, DNB;Grand Est;547980.4874242097
2022;Age rgp : -15 ans, 15-24, 25-54, 55-64, 65 ou +;Sexe;diplome_2015#Aucun diplôme ou au plus BEPC, brevet des collèges, DNB;Grand Est;531268.2939030826
2015;Age rgp : -15 ans, 15-24, 25-54, 55-64, 65 ou +;Sexe;diplome_2015#Aucun diplôme ou au plus BEPC, brevet des collèges, DNB;Guadeloupe;75318.12863063812
2016;Age rgp : -15 ans, 15-24, 25-54, 55-64, 65 ou +;Sexe;diplome_2015#Aucun diplôme ou au plus BEPC, brevet des collèges, DNB;Guadeloupe;70311.61405062675
2017;Age rgp : -15 ans, 15-24, 25-54, 55-64, 65 ou +;Sexe;diplome_2015#Aucun diplôme ou au plus BEPC, brevet des collèges, DNB;Guadeloupe;65307.40550541878
2018;Age rgp : -15 ans, 15-24, 25-54, 55-64, 65 ou +;Sexe;diplome_2015#Aucun diplôme ou au plus BEPC, brevet des collèges, DNB;Guadeloupe;60605.48194694519
2019;Age rgp : -15 ans, 15-24, 25-54, 55-64, 65 ou +;Sexe;diplome_2015#Aucun diplôme ou au plus BEPC, brevet des collèges, DNB;Guadeloupe;60132.82345217466
2020;Age rgp : -15 ans, 15-24, 25-54, 55-64, 65 ou +;Sexe;diplome_2015#Aucun diplôme ou au plus BEPC, brevet des collèges, DNB;Guadeloupe;57506.91965532303
2021;Age rgp : -15 ans, 15-24, 25-54, 55-64, 65 ou +;Sexe;diplome_2015#Aucun diplôme ou au plus BEPC, brevet des collèges, DNB;Guadeloupe;54834.431233882904
2022;Age rgp : -15 ans, 15-24, 25-54, 55-64, 65 ou +;Sexe;diplome_2015#Aucun diplôme ou au plus BEPC, brevet des collèges, DNB;Guadeloupe;52144.87565994263
2015;Age rgp : -15 ans, 15-24, 25-54, 55-64, 65 ou +;Sexe;diplome_2015#Aucun diplôme ou au plus BEPC, brevet des collèges, DNB;Guyane;73020.0280725956
2016;Age rgp : -15 ans, 15-24, 25-54, 55-64, 65 ou +;Sexe;diplome_2015#Aucun diplôme ou au plus BEPC, brevet des collèges, DNB;Guyane;75630.5783879757
2017;Age rgp : -15 ans, 15-24, 25-54, 55-64, 65 ou +;Sexe;diplome_2015#Aucun diplôme ou au plus BEPC, brevet des collèges, DNB;Guyane;72604.9413933754
2018;Age rgp : -15 ans, 15-24, 25-54, 55-64, 65 ou +;Sexe;diplome_2015#Aucun diplôme ou au plus BEPC, brevet des collèges, DNB;Guyane;72825.26895231009
2019;Age rgp : -15 ans, 15-24, 25-54, 55-64, 65 ou +;Sexe;diplome_2015#Aucun diplôme ou au plus BEPC, brevet des collèges, DNB;Guyane;74141.90726566315
2020;Age rgp : -15 ans, 15-24, 25-54, 55-64, 65 ou +;Sexe;diplome_2015#Aucun diplôme ou au plus BEPC, brevet des collèges, DNB;Guyane;71082.59765452147
2021;Age rgp : -15 ans, 15-24, 25-54, 55-64, 65 ou +;Sexe;diplome_2015#Aucun diplôme ou au plus BEPC, brevet des collèges, DNB;Guyane;70797.17679572105
2022;Age rgp : -15 ans, 15-24, 25-54, 55-64, 65 ou +;Sexe;diplome_2015#Aucun diplôme ou au plus BEPC, brevet des collèges, DNB;Guyane;69457.39640885592
2015;Age rgp : -15 ans, 15-24, 25-54, 55-64, 65 ou +;Sexe;diplome_2015#Aucun diplôme ou au plus BEPC, brevet des collèges, DNB;Hauts-de-France;867022.9959266484
2016;Age rgp : -15 ans, 15-24, 25-54, 55-64, 65 ou +;Sexe;diplome_2015#Aucun diplôme ou au plus BEPC, brevet des collèges, DNB;Hauts-de-France;821094.421241045
2017;Age rgp : -15 ans, 15-24, 25-54, 55-64, 65 ou +;Sexe;diplome_2015#Aucun diplôme ou au plus BEPC, brevet des collèges, DNB;Hauts-de-France;776354.2407639623
2018;Age rgp : -15 ans, 15-24, 25-54, 55-64, 65 ou +;Sexe;diplome_2015#Aucun diplôme ou au plus BEPC, brevet des collèges, DNB;Hauts-de-France;742918.4958479702
2019;Age rgp : -15 ans, 15-24, 25-54, 55-64, 65 ou +;Sexe;diplome_2015#Aucun diplôme ou au plus BEPC, brevet des collèges, DNB;Hauts-de-France;743465.505640626
2020;Age rgp : -15 ans, 15-24, 25-54, 55-64, 65 ou +;Sexe;diplome_2015#Aucun diplôme ou au plus BEPC, brevet des collèges, DNB;Hauts-de-France;707027.2260670364
2021;Age rgp : -15 ans, 15-24, 25-54, 55-64, 65 ou +;Sexe;diplome_2015#Aucun diplôme ou au plus BEPC, brevet des collèges, DNB;Hauts-de-France;678776.4194832742
2022;Age rgp : -15 ans, 15-24, 25-54, 55-64, 65 ou +;Sexe;diplome_2015#Aucun diplôme ou au plus BEPC, brevet des collèges, DNB;Hauts-de-France;656244.7736015916
2015;Age rgp : -15 ans, 15-24, 25-54, 55-64, 65 ou +;Sexe;diplome_2015#Aucun diplôme ou au plus BEPC, brevet des collèges, DNB;Martinique;69059.22180831432
2016;Age rgp : -15 ans, 15-24, 25-54, 55-64, 65 ou +;Sexe;diplome_2015#Aucun diplôme ou au plus BEPC, brevet des collèges, DNB;Martinique;63719.03765130043
2017;Age rgp : -15 ans, 15-24, 25-54, 55-64, 65 ou +;Sexe;diplome_2015#Aucun diplôme ou au plus BEPC, brevet des collèges, DNB;Martinique;59854.38256764412
2018;Age rgp : -15 ans, 15-24, 25-54, 55-64, 65 ou +;Sexe;diplome_2015#Aucun diplôme ou au plus BEPC, brevet des collèges, DNB;Martinique;54308.66597378254
2019;Age rgp : -15 ans, 15-24, 25-54, 55-64, 65 ou +;Sexe;diplome_2015#Aucun diplôme ou au plus BEPC, brevet des collèges, DNB;Martinique;53695.6457927227
2020;Age rgp : -15 ans, 15-24, 25-54, 55-64, 65 ou +;Sexe;diplome_2015#Aucun diplôme ou au plus BEPC, brevet des collèges, DNB;Martinique;50298.842286646366
2021;Age rgp : -15 ans, 15-24, 25-54, 55-64, 65 ou +;Sexe;diplome_2015#Aucun diplôme ou au plus BEPC, brevet des collèges, DNB;Martinique;47573.15274202824
2022;Age rgp : -15 ans, 15-24, 25-54, 55-64, 65 ou +;Sexe;diplome_2015#Aucun diplôme ou au plus BEPC, brevet des collèges, DNB;Martinique;44991.791565060616
2015;Age rgp : -15 ans, 15-24, 25-54, 55-64, 65 ou +;Sexe;diplome_2015#Aucun diplôme ou au plus BEPC, brevet des collèges, DNB;Normandie;435838.5575976372
2016;Age rgp : -15 ans, 15-24, 25-54, 55-64, 65 ou +;Sexe;diplome_2015#Aucun diplôme ou au plus BEPC, brevet des collèges, DNB;Normandie;409968.03115066886
2017;Age rgp : -15 ans, 15-24, 25-54, 55-64, 65 ou +;Sexe;diplome_2015#Aucun diplôme ou au plus BEPC, brevet des collèges, DNB;Normandie;384678.8975507617
2018;Age rgp : -15 ans, 15-24, 25-54, 55-64, 65 ou +;Sexe;diplome_2015#Aucun diplôme ou au plus BEPC, brevet des collèges, DNB;Normandie;365923.0075686574
2019;Age rgp : -15 ans, 15-24, 25-54, 55-64, 65 ou +;Sexe;diplome_2015#Aucun diplôme ou au plus BEPC, brevet des collèges, DNB;Normandie;365553.4291886091
2020;Age rgp : -15 ans, 15-24, 25-54, 55-64, 65 ou +;Sexe;diplome_2015#Aucun diplôme ou au plus BEPC, brevet des collèges, DNB;Normandie;346453.85773667693
2021;Age rgp : -15 ans, 15-24, 25-54, 55-64, 65 ou +;Sexe;diplome_2015#Aucun diplôme ou au plus BEPC, brevet des collèges, DNB;Normandie;331471.80004513264
2022;Age rgp : -15 ans, 15-24, 25-54, 55-64, 65 ou +;Sexe;diplome_2015#Aucun diplôme ou au plus BEPC, brevet des collèges, DNB;Normandie;321035.2726278901
2015;Age rgp : -15 ans, 15-24, 25-54, 55-64, 65 ou +;Sexe;diplome_2015#Aucun diplôme ou au plus BEPC, brevet des collèges, DNB;Nouvelle-Aquitaine;621725.9706963897
2016;Age rgp : -15 ans, 15-24, 25-54, 55-64, 65 ou +;Sexe;diplome_2015#Aucun diplôme ou au plus BEPC, brevet des collèges, DNB;Nouvelle-Aquitaine;585118.1709596217
2017;Age rgp : -15 ans, 15-24, 25-54, 55-64, 65 ou +;Sexe;diplome_2015#Aucun diplôme ou au plus BEPC, brevet des collèges, DNB;Nouvelle-Aquitaine;550645.0561471581
2018;Age rgp : -15 ans, 15-24, 25-54, 55-64, 65 ou +;Sexe;diplome_2015#Aucun diplôme ou au plus BEPC, brevet des collèges, DNB;Nouvelle-Aquitaine;525129.4175934196
2019;Age rgp : -15 ans, 15-24, 25-54, 55-64, 65 ou +;Sexe;diplome_2015#Aucun diplôme ou au plus BEPC, brevet des collèges, DNB;Nouvelle-Aquitaine;527329.0978696346
2020;Age rgp : -15 ans, 15-24, 25-54, 55-64, 65 ou +;Sexe;diplome_2015#Aucun diplôme ou au plus BEPC, brevet des collèges, DNB;Nouvelle-Aquitaine;506226.3394468725
2021;Age rgp : -15 ans, 15-24, 25-54, 55-64, 65 ou +;Sexe;diplome_2015#Aucun diplôme ou au plus BEPC, brevet des collèges, DNB;Nouvelle-Aquitaine;490311.3968503475
2022;Age rgp : -15 ans, 15-24, 25-54, 55-64, 65 ou +;Sexe;diplome_2015#Aucun diplôme ou au plus BEPC, brevet des collèges, DNB;Nouvelle-Aquitaine;476477.14142763615
2015;Age rgp : -15 ans, 15-24, 25-54, 55-64, 65 ou +;Sexe;diplome_2015#Aucun diplôme ou au plus BEPC, brevet des collèges, DNB;Occitanie;611182.1880670488
2016;Age rgp : -15 ans, 15-24, 25-54, 55-64, 65 ou +;Sexe;diplome_2015#Aucun diplôme ou au plus BEPC, brevet des collèges, DNB;Occitanie;580709.1014564037
2017;Age rgp : -15 ans, 15-24, 25-54, 55-64, 65 ou +;Sexe;diplome_2015#Aucun diplôme ou au plus BEPC, brevet des collèges, DNB;Occitanie;552901.7648857534
2018;Age rgp : -15 ans, 15-24, 25-54, 55-64, 65 ou +;Sexe;diplome_2015#Aucun diplôme ou au plus BEPC, brevet des collèges, DNB;Occitanie;534156.2015832365
2019;Age rgp : -15 ans, 15-24, 25-54, 55-64, 65 ou +;Sexe;diplome_2015#Aucun diplôme ou au plus BEPC, brevet des collèges, DNB;Occitanie;538054.981072247
2020;Age rgp : -15 ans, 15-24, 25-54, 55-64, 65 ou +;Sexe;diplome_2015#Aucun diplôme ou au plus BEPC, brevet des collèges, DNB;Occitanie;522494.89835354686
2021;Age rgp : -15 ans, 15-24, 25-54, 55-64, 65 ou +;Sexe;diplome_2015#Aucun diplôme ou au plus BEPC, brevet des collèges, DNB;Occitanie;509830.274086982
2022;Age rgp : -15 ans, 15-24, 25-54, 55-64, 65 ou +;Sexe;diplome_2015#Aucun diplôme ou au plus BEPC, brevet des collèges, DNB;Occitanie;500863.17991939187
2015;Age rgp : -15 ans, 15-24, 25-54, 55-64, 65 ou +;Sexe;diplome_2015#Aucun diplôme ou au plus BEPC, brevet des collèges, DNB;Pays de la Loire;377242.87618249655
2016;Age rgp : -15 ans, 15-24, 25-54, 55-64, 65 ou +;Sexe;diplome_2015#Aucun diplôme ou au plus BEPC, brevet des collèges, DNB;Pays de la Loire;355350.7773399949
2017;Age rgp : -15 ans, 15-24, 25-54, 55-64, 65 ou +;Sexe;diplome_2015#Aucun diplôme ou au plus BEPC, brevet des collèges, DNB;Pays de la Loire;333537.4073354006
2018;Age rgp : -15 ans, 15-24, 25-54, 55-64, 65 ou +;Sexe;diplome_2015#Aucun diplôme ou au plus BEPC, brevet des collèges, DNB;Pays de la Loire;319926.38149547577
2019;Age rgp : -15 ans, 15-24, 25-54, 55-64, 65 ou +;Sexe;diplome_2015#Aucun diplôme ou au plus BEPC, brevet des collèges, DNB;Pays de la Loire;322198.9120541811
2020;Age rgp : -15 ans, 15-24, 25-54, 55-64, 65 ou +;Sexe;diplome_2015#Aucun diplôme ou au plus BEPC, brevet des collèges, DNB;Pays de la Loire;308353.1761084795
2021;Age rgp : -15 ans, 15-24, 25-54, 55-64, 65 ou +;Sexe;diplome_2015#Aucun diplôme ou au plus BEPC, brevet des collèges, DNB;Pays de la Loire;295715.0684504807
2022;Age rgp : -15 ans, 15-24, 25-54, 55-64, 65 ou +;Sexe;diplome_2015#Aucun diplôme ou au plus BEPC, brevet des collèges, DNB;Pays de la Loire;287363.8496623039
2015;Age rgp : -15 ans, 15-24, 25-54, 55-64, 65 ou +;Sexe;diplome_2015#Aucun diplôme ou au plus BEPC, brevet des collèges, DNB;Provence-Alpes-Côte d'Azur;601929.1732719541
2016;Age rgp : -15 ans, 15-24, 25-54, 55-64, 65 ou +;Sexe;diplome_2015#Aucun diplôme ou au plus BEPC, brevet des collèges, DNB;Provence-Alpes-Côte d'Azur;573718.2210174501
2017;Age rgp : -15 ans, 15-24, 25-54, 55-64, 65 ou +;Sexe;diplome_2015#Aucun diplôme ou au plus BEPC, brevet des collèges, DNB;Provence-Alpes-Côte d'Azur;542137.5333177447
2018;Age rgp : -15 ans, 15-24, 25-54, 55-64, 65 ou +;Sexe;diplome_2015#Aucun diplôme ou au plus BEPC, brevet des collèges, DNB;Provence-Alpes-Côte d'Azur;520159.3152616322
2019;Age rgp : -15 ans, 15-24, 25-54, 55-64, 65 ou +;Sexe;diplome_2015#Aucun diplôme ou au plus BEPC, brevet des collèges, DNB;Provence-Alpes-Côte d'Azur;522767.93937686086
2020;Age rgp : -15 ans, 15-24, 25-54, 55-64, 65 ou +;Sexe;diplome_2015#Aucun diplôme ou au plus BEPC, brevet des collèges, DNB;Provence-Alpes-Côte d'Azur;507153.32338255644
2021;Age rgp : -15 ans, 15-24, 25-54, 55-64, 65 ou +;Sexe;diplome_2015#Aucun diplôme ou au plus BEPC, brevet des collèges, DNB;Provence-Alpes-Côte d'Azur;492354.4540449679
2022;Age rgp : -15 ans, 15-24, 25-54, 55-64, 65 ou +;Sexe;diplome_2015#Aucun diplôme ou au plus BEPC, brevet des collèges, DNB;Provence-Alpes-Côte d'Azur;481015.53939443827
2015;Age rgp : -15 ans, 15-24, 25-54, 55-64, 65 ou +;Sexe;diplome_2015#Aucun diplôme ou au plus BEPC, brevet des collèges, DNB;Réunion;202919.13164710999
2016;Age rgp : -15 ans, 15-24, 25-54, 55-64, 65 ou +;Sexe;diplome_2015#Aucun diplôme ou au plus BEPC, brevet des collèges, DNB;Réunion;194881.91815185547
2017;Age rgp : -15 ans, 15-24, 25-54, 55-64, 65 ou +;Sexe;diplome_2015#Aucun diplôme ou au plus BEPC, brevet des collèges, DNB;Réunion;184131.50305080414
2018;Age rgp : -15 ans, 15-24, 25-54, 55-64, 65 ou +;Sexe;diplome_2015#Aucun diplôme ou au plus BEPC, brevet des collèges, DNB;Réunion;175662.41261005402
2019;Age rgp : -15 ans, 15-24, 25-54, 55-64, 65 ou +;Sexe;diplome_2015#Aucun diplôme ou au plus BEPC, brevet des collèges, DNB;Réunion;177126.3035478592
2020;Age rgp : -15 ans, 15-24, 25-54, 55-64, 65 ou +;Sexe;diplome_2015#Aucun diplôme ou au plus BEPC, brevet des collèges, DNB;Réunion;169156.8109703064
2021;Age rgp : -15 ans, 15-24, 25-54, 55-64, 65 ou +;Sexe;diplome_2015#Aucun diplôme ou au plus BEPC, brevet des collèges, DNB;Réunion;162979.99310302734
2022;Age rgp : -15 ans, 15-24, 25-54, 55-64, 65 ou +;Sexe;diplome_2015#Aucun diplôme ou au plus BEPC, brevet des collèges, DNB;Réunion;159489.67062091827
2015;Age rgp : -15 ans, 15-24, 25-54, 55-64, 65 ou +;Sexe;diplome_2015#Aucun diplôme ou au plus BEPC, brevet des collèges, DNB;Île-de-France;1424584.5270476937
2016;Age rgp : -15 ans, 15-24, 25-54, 55-64, 65 ou +;Sexe;diplome_2015#Aucun diplôme ou au plus BEPC, brevet des collèges, DNB;Île-de-France;1359604.9111092687
2017;Age rgp : -15 ans, 15-24, 25-54, 55-64, 65 ou +;Sexe;diplome_2015#Aucun diplôme ou au plus BEPC, brevet des collèges, DNB;Île-de-France;1297142.0530525446
2018;Age rgp : -15 ans, 15-24, 25-54, 55-64, 65 ou +;Sexe;diplome_2015#Aucun diplôme ou au plus BEPC, brevet des collèges, DNB;Île-de-France;1243083.066415608
2019;Age rgp : -15 ans, 15-24, 25-54, 55-64, 65 ou +;Sexe;diplome_2015#Aucun diplôme ou au plus BEPC, brevet des collèges, DNB;Île-de-France;1247868.7156147957
2020;Age rgp : -15 ans, 15-24, 25-54, 55-64, 65 ou +;Sexe;diplome_2015#Aucun diplôme ou au plus BEPC, brevet des collèges, DNB;Île-de-France;1213397.057921648
2021;Age rgp : -15 ans, 15-24, 25-54, 55-64, 65 ou +;Sexe;diplome_2015#Aucun diplôme ou au plus BEPC, brevet des collèges, DNB;Île-de-France;1185189.589275539
2022;Age rgp : -15 ans, 15-24, 25-54, 55-64, 65 ou +;Sexe;diplome_2015#Aucun diplôme ou au plus BEPC, brevet des collèges, DNB;Île-de-France;1165289.8952413797

Date_RP#Annee;Age_nonScolarise#age_m15_1524_2554_5564_65plus;Sexe_nonScolarise#sexe;Diplome_lePlusEleve_RP#diplome_2015;Lieu_domicile#France;Nombre_de_personnes_sorties_du_systeme_scolaire_selon_le_diplôme__par_âge_et_ou_genre__1
;15-24 ans§25-54 ans§55-64 ans;masculin§feminin;Aucun diplôme ou au plus BEPC, brevet des collèges, DNB;;
2015;Age rgp : -15 ans, 15-24, 25-54, 55-64, 65 ou +;Sexe;diplome_2015#Aucun diplôme ou au plus BEPC, brevet des collèges, DNB;Departements d'outre mer;420316.510158658
2016;Age rgp : -15 ans, 15-24, 25-54, 55-64, 65 ou +;Sexe;diplome_2015#Aucun diplôme ou au plus BEPC, brevet des collèges, DNB;Departements d'outre mer;404543.14824175835
2017;Age rgp : -15 ans, 15-24, 25-54, 55-64, 65 ou +;Sexe;diplome_2015#Aucun diplôme ou au plus BEPC, brevet des collèges, DNB;Departements d'outre mer;381898.23251724243
2018;Age rgp : -15 ans, 15-24, 25-54, 55-64, 65 ou +;Sexe;diplome_2015#Aucun diplôme ou au plus BEPC, brevet des collèges, DNB;Departements d'outre mer;363401.82948309183
2019;Age rgp : -15 ans, 15-24, 25-54, 55-64, 65 ou +;Sexe;diplome_2015#Aucun diplôme ou au plus BEPC, brevet des collèges, DNB;Departements d'outre mer;365096.6800584197
2020;Age rgp : -15 ans, 15-24, 25-54, 55-64, 65 ou +;Sexe;diplome_2015#Aucun diplôme ou au plus BEPC, brevet des collèges, DNB;Departements d'outre mer;348045.17056679726
2021;Age rgp : -15 ans, 15-24, 25-54, 55-64, 65 ou +;Sexe;diplome_2015#Aucun diplôme ou au plus BEPC, brevet des collèges, DNB;Departements d'outre mer;336184.75387465954
2022;Age rgp : -15 ans, 15-24, 25-54, 55-64, 65 ou +;Sexe;diplome_2015#Aucun diplôme ou au plus BEPC, brevet des collèges, DNB;Departements d'outre mer;326083.73425477743
2015;Age rgp : -15 ans, 15-24, 25-54, 55-64, 65 ou +;Sexe;diplome_2015#Aucun diplôme ou au plus BEPC, brevet des collèges, DNB;France métropolitaine;7458759.714333236
2016;Age rgp : -15 ans, 15-24, 25-54, 55-64, 65 ou +;Sexe;diplome_2015#Aucun diplôme ou au plus BEPC, brevet des collèges, DNB;France métropolitaine;7064668.942491442
2017;Age rgp : -15 ans, 15-24, 25-54, 55-64, 65 ou +;Sexe;diplome_2015#Aucun diplôme ou au plus BEPC, brevet des collèges, DNB;France métropolitaine;6680270.481029749
2018;Age rgp : -15 ans, 15-24, 25-54, 55-64, 65 ou +;Sexe;diplome_2015#Aucun diplôme ou au plus BEPC, brevet des collèges, DNB;France métropolitaine;6398446.88952592
2019;Age rgp : -15 ans, 15-24, 25-54, 55-64, 65 ou +;Sexe;diplome_2015#Aucun diplôme ou au plus BEPC, brevet des collèges, DNB;France métropolitaine;6419919.514528543
2020;Age rgp : -15 ans, 15-24, 25-54, 55-64, 65 ou +;Sexe;diplome_2015#Aucun diplôme ou au plus BEPC, brevet des collèges, DNB;France métropolitaine;6174021.05671671
2021;Age rgp : -15 ans, 15-24, 25-54, 55-64, 65 ou +;Sexe;diplome_2015#Aucun diplôme ou au plus BEPC, brevet des collèges, DNB;France métropolitaine;5970541.0091023
2022;Age rgp : -15 ans, 15-24, 25-54, 55-64, 65 ou +;Sexe;diplome_2015#Aucun diplôme ou au plus BEPC, brevet des collèges, DNB;France métropolitaine;5820357.799170494

Date_RP#Annee;Age_nonScolarise#age_m15_1524_2554_5564_65plus;Sexe_nonScolarise#sexe;Diplome_lePlusEleve_RP#diplome_2015;Lieu_domicile#France_avec_Mayotte;Nombre_de_personnes_sorties_du_systeme_scolaire_selon_le_diplôme__par_âge_et_ou_genre__1
;15-24 ans§25-54 ans§55-64 ans;masculin§feminin;Aucun diplôme ou au plus BEPC, brevet des collèges, DNB;France métropolitaine§Départements d'outre-mer (hors Mayotte)§Saint-Barthélémy§Saint-Martin;
2015;Age rgp : -15 ans, 15-24, 25-54, 55-64, 65 ou +;Sexe;diplome_2015#Aucun diplôme ou au plus BEPC, brevet des collèges, DNB;France (y compris Mayotte);7890093.086662114
2016;Age rgp : -15 ans, 15-24, 25-54, 55-64, 65 ou +;Sexe;diplome_2015#Aucun diplôme ou au plus BEPC, brevet des collèges, DNB;France (y compris Mayotte);7480125.69379583
2017;Age rgp : -15 ans, 15-24, 25-54, 55-64, 65 ou +;Sexe;diplome_2015#Aucun diplôme ou au plus BEPC, brevet des collèges, DNB;France (y compris Mayotte);7072798.653152704
2018;Age rgp : -15 ans, 15-24, 25-54, 55-64, 65 ou +;Sexe;diplome_2015#Aucun diplôme ou au plus BEPC, brevet des collèges, DNB;France (y compris Mayotte);6772035.888211817
2019;Age rgp : -15 ans, 15-24, 25-54, 55-64, 65 ou +;Sexe;diplome_2015#Aucun diplôme ou au plus BEPC, brevet des collèges, DNB;France (y compris Mayotte);6794747.896964282
2020;Age rgp : -15 ans, 15-24, 25-54, 55-64, 65 ou +;Sexe;diplome_2015#Aucun diplôme ou au plus BEPC, brevet des collèges, DNB;France (y compris Mayotte);6531246.971149474
2021;Age rgp : -15 ans, 15-24, 25-54, 55-64, 65 ou +;Sexe;diplome_2015#Aucun diplôme ou au plus BEPC, brevet des collèges, DNB;France (y compris Mayotte);6315587.128755882
2022;Age rgp : -15 ans, 15-24, 25-54, 55-64, 65 ou +;Sexe;diplome_2015#Aucun diplôme ou au plus BEPC, brevet des collèges, DNB;France (y compris Mayotte);6155089.92736429
